Geo_ID,Geographic Area Name,Year,Estimate HOUSING OCCUPANCY Total housing units,Estimate HOUSING OCCUPANCY Occupied housing units,Estimate HOUSING OCCUPANCY Vacant housing units,Estimate YEAR STRUCTURE BUILT Total housing units,Estimate YEAR STRUCTURE BUILT Built 2005 or later,Estimate YEAR STRUCTURE BUILT Built 2000 to 2004,Estimate YEAR STRUCTURE BUILT Built 1990 to 1999,Estimate YEAR STRUCTURE BUILT Built 1980 to 1989,Estimate YEAR STRUCTURE BUILT Built 1970 to 1979,Estimate YEAR STRUCTURE BUILT Built 1960 to 1969,Estimate YEAR STRUCTURE BUILT Built 1950 to 1959,Estimate YEAR STRUCTURE BUILT Built 1940 to 1949,Estimate YEAR STRUCTURE BUILT Built 1939 or earlier,Estimate YEAR HOUSEHOLDER MOVED INTO UNIT Occupied housing units,Estimate YEAR HOUSEHOLDER MOVED INTO UNIT Moved in 2005 or later,Estimate YEAR HOUSEHOLDER MOVED INTO UNIT Moved in 2000 to 2004,Estimate YEAR HOUSEHOLDER MOVED INTO UNIT Moved in 1990 to 1999,Estimate YEAR HOUSEHOLDER MOVED INTO UNIT Moved in 1980 to 1989,Estimate YEAR HOUSEHOLDER MOVED INTO UNIT Moved in 1970 to 1979,Estimate YEAR HOUSEHOLDER MOVED INTO UNIT Moved in 1969 or earlier,Estimate VALUE Owner-occupied units,"Estimate VALUE Less than $50,000","Estimate VALUE $50,000 to $99,999","Estimate VALUE $100,000 to $149,999","Estimate VALUE $150,000 to $199,999","Estimate VALUE $200,000 to $299,999","Estimate VALUE $300,000 to $499,999","Estimate VALUE $500,000 to $999,999","Estimate VALUE $1,000,000 or more",Estimate VALUE Median (dollars),State
1,United States,2012,132452249,115969540,16482709,132452249,1199560,19799406,18348209,18326856,20944138,14577453,14397367,7072019,17787241,115969540,31507002,45461532,18996653,9200406,6071721,4732226,74119256,6784356,12100148,12245474,11370120,13393416,11068593,5696677,1460472,171900,Texas
1000,"Abilene city, Texas",2012,48583,42756,5827,48583,669,4371,3133,9109,7584,6303,8996,3144,5274,42756,16619,14815,5551,2129,2080,1562,22178,4654,7085,4910,3475,1338,645,71,0,95300,Texas
1924,"Allen city, Texas",2012,28802,28574,228,28802,1026,12728,7679,4345,2320,350,354,0,0,28574,7753,15729,4145,640,274,33,21042,80,425,3321,6738,5524,3323,1345,286,199600,Texas
3000,"Amarillo city, Texas",2012,80816,74018,6798,80816,669,9818,6229,11426,13415,11985,14797,6288,6189,74018,24998,27548,10051,4344,4445,2632,45104,5144,13317,13526,6681,4093,1670,571,102,115000,Texas
4000,"Arlington city, Texas",2012,147340,132941,14399,147340,755,19901,28780,40595,34239,12400,8727,1319,624,132941,48428,52951,19529,6404,3821,1808,72997,3302,16210,26830,13884,9746,2086,860,79,129100,Texas
4462,"Atascocita CDP, Texas",2012,22161,21107,1054,22161,1103,11625,4164,2984,1798,0,0,0,487,21107,5954,11610,2140,1138,192,73,16686,219,1220,6520,5167,2166,704,143,547,153200,Texas
5000,"Austin city, Texas",2012,360518,330838,29680,360518,5351,81192,54526,76066,68095,31910,21874,10249,11255,330838,154158,115893,34647,13033,7960,5147,147758,4958,9788,21964,28202,36019,31138,12179,3510,222100,Texas
6128,"Baytown city, Texas",2012,29227,25181,4046,29227,146,4942,3683,3742,5416,2992,3789,2738,1779,25181,6526,11286,3794,1620,1390,565,16196,2764,7097,3332,1660,1114,152,50,27,91700,Texas
7000,"Beaumont city, Texas",2012,51523,45042,6481,51523,535,7854,3454,6181,9544,8695,8771,2891,3598,45042,15596,16169,6155,2690,2883,1549,25516,5510,7369,4731,3522,2555,1353,240,236,99300,Texas
10768,"Brownsville city, Texas",2012,57144,52082,5062,57144,720,15604,9943,10191,10768,4424,2272,1386,1836,52082,12710,22966,7665,4257,2516,1968,32331,7074,15141,4133,2805,1956,935,237,50,78100,Texas
10912,"Bryan city, Texas",2012,30342,27010,3332,30342,1433,5853,3621,5956,4897,3658,3191,706,1027,27010,11905,9518,2205,1583,1253,546,12557,1791,3392,3778,1553,1445,302,49,247,114800,Texas
13024,"Carrollton city, Texas",2012,47111,44446,2665,47111,575,6785,7808,16607,10159,3340,1517,158,162,44446,13632,18475,8186,2399,1585,169,27386,610,2118,7649,7736,6742,1866,483,182,167500,Texas
15976,"College Station city, Texas",2012,40473,34900,5573,40473,1309,12650,6625,7876,8743,1532,1259,356,123,34900,18657,10901,3704,1085,309,244,13789,187,392,2809,5146,3380,1387,488,0,180600,Texas
17000,"Corpus Christi city, Texas",2012,126054,111078,14976,126054,774,16083,13925,23847,24063,17428,19252,7822,2860,111078,36687,41105,14548,7787,6085,4866,62280,6325,19485,17869,9161,6056,2471,792,121,113900,Texas
19000,"Dallas city, Texas",2012,525228,463719,61509,525228,4987,70960,50496,90759,105346,72779,67797,32640,29464,463719,198626,161044,51284,21397,18676,12692,196361,19404,55184,31755,19631,25884,27519,12073,4911,133200,Texas
19972,"Denton city, Texas",2012,45121,42108,3013,45121,494,13783,7237,7985,5779,5468,2894,829,652,42108,18537,18667,2698,1120,350,736,20068,1380,2815,7468,4337,2798,964,306,0,139500,Texas
22660,"Edinburg city, Texas",2012,27677,26325,1352,27677,388,9203,7257,2879,3836,1436,1335,698,645,26325,9151,10649,3834,1060,894,737,16000,3171,4302,4808,2124,1066,529,0,0,104800,Texas
24000,"El Paso city, Texas",2012,235023,219578,15445,235023,5924,40579,28494,34488,43314,30712,30137,10549,10826,219578,64336,81967,32604,16261,13975,10435,128104,6841,38347,43829,20199,11697,4922,1771,498,117600,Texas
26232,"Flower Mound town, Texas",2012,22565,21983,582,22565,319,5090,12045,3266,1312,397,0,61,75,21983,4849,11078,5145,560,351,0,18661,326,334,1007,2339,6985,5981,1596,93,277900,Texas
27000,"Fort Worth city, Texas",2012,296061,268919,27142,296061,6715,77302,33410,44816,31377,27682,37150,17594,20015,268919,99365,106702,33746,12432,9140,7534,152387,16844,46451,41175,22661,15244,6462,2940,610,115400,Texas
27684,"Frisco city, Texas",2012,45148,43031,2117,45148,2417,28331,10303,2625,625,411,132,234,70,43031,13306,25699,3345,442,143,96,32540,153,629,1648,7329,11352,8700,2330,399,247000,Texas
29000,"Garland city, Texas",2012,77163,72355,4808,77163,131,7478,9818,18559,19442,10683,9550,1242,260,72355,17895,30340,13240,5242,3918,1720,47246,1294,17392,17181,5643,4757,912,67,0,111700,Texas
30464,"Grand Prairie city, Texas",2012,60042,55558,4484,60042,1083,18585,9407,10148,7743,5300,4561,3070,145,55558,17244,23496,8128,4294,1733,663,35817,2577,9008,11805,6890,4484,824,80,149,127500,Texas
32372,"Harlingen city, Texas",2012,25430,21585,3845,25430,286,3223,4643,5277,4210,1855,2892,2021,1023,21585,7649,7472,2843,1452,1273,896,12277,3128,5083,2190,943,652,161,120,0,75000,Texas
35000,"Houston city, Texas",2012,911259,780364,130895,911259,13009,145332,89987,121309,222487,131515,100518,45613,41489,780364,321315,268449,89449,40399,34560,26192,343902,25598,99442,72541,42546,42037,35178,18955,7605,124600,Texas
37000,"Irving city, Texas",2012,94049,85392,8657,94049,977,15666,14318,23406,13978,12894,11166,1180,464,85392,40166,29749,7499,2973,2957,2048,30555,1287,7439,7767,4740,4723,4009,553,37,139200,Texas
39148,"Killeen city, Texas",2012,55969,45455,10514,55969,2202,15764,9408,11324,9704,4866,2480,53,168,45455,22309,13994,5415,2320,727,690,22813,1545,7563,6979,4434,1983,215,35,59,114300,Texas
41464,"Laredo city, Texas",2012,70236,65445,4791,70236,1356,18391,17064,9906,8771,4667,4942,1593,3546,65445,17861,28716,10045,4109,2774,1940,40628,3511,14119,11493,6926,2957,1268,261,93,109800,Texas
41980,"League City city, Texas",2012,34972,33657,1315,34972,935,13694,8321,6498,3364,1235,308,37,580,33657,11284,17473,3365,624,640,271,24755,892,1782,7333,7020,5497,1855,376,0,161800,Texas
42508,"Lewisville city, Texas",2012,43255,40185,3070,43255,1093,10049,13317,11211,4875,1424,791,313,182,40185,18505,15420,4425,1004,725,106,17004,944,1638,4917,6395,2933,147,0,30,156400,Texas
43888,"Longview city, Texas",2012,32266,28492,3774,32266,333,2848,4479,6845,8461,3730,3574,1647,349,28492,10096,9387,3981,2905,1249,874,15936,2336,4404,3680,2660,1767,877,106,106,114500,Texas
45000,"Lubbock city, Texas",2012,98805,89527,9278,98805,1215,16174,12851,13614,19236,13298,13858,4621,3938,89527,37507,29708,10407,5537,4055,2313,47129,5923,15107,13163,5473,4810,2170,415,68,108600,Texas
45384,"McAllen city, Texas",2012,47697,40960,6737,47697,990,13845,8725,9269,7840,2639,3315,298,776,40960,12866,17714,5544,2598,1565,673,24155,2042,7861,7536,3428,1687,1045,233,323,114800,Texas
45744,"McKinney city, Texas",2012,48806,46795,2011,48806,2756,25442,11199,3266,2768,857,911,658,949,46795,15810,24434,5200,610,509,232,32109,588,1193,6034,9007,9423,4458,1264,142,194900,Texas
47892,"Mesquite city, Texas",2012,50364,46550,3814,50364,476,6106,9662,13304,9372,6031,4629,545,239,46550,16354,15799,7269,3564,2143,1421,27112,1630,10715,9638,3342,1609,58,34,86,105400,Texas
48072,"Midland city, Texas",2012,44769,41586,3183,44769,572,5472,3949,9848,9300,5037,8362,1702,527,41586,15038,15045,6587,2590,1288,1038,25991,2983,4852,4065,5541,5274,2652,624,0,158900,Texas
48768,"Mission city, Texas",2012,28767,23850,4917,28767,195,11610,4547,5882,3758,1131,1030,0,614,23850,6723,11124,3039,1625,1051,288,16905,2905,6907,2706,1819,1834,462,272,0,90700,Texas
48804,"Missouri City city, Texas",2012,24953,23964,989,24953,725,6099,4832,4440,7452,983,64,52,306,23964,4203,11305,4562,2761,1001,132,20662,248,3659,4153,5448,5375,1406,198,175,163000,Texas
52356,"North Richland Hills city, Texas",2012,25830,25198,632,25830,353,3150,4240,6870,4832,2639,3122,355,269,25198,6687,11497,3530,1761,1167,556,16142,403,2888,5774,3292,1966,1731,88,0,140300,Texas
53388,"Odessa city, Texas",2012,40914,37392,3522,40914,436,3177,940,6597,5779,6407,14089,2189,1300,37392,11248,13924,5137,2798,2191,2094,24946,3747,7772,6129,3461,2460,1019,358,0,106400,Texas
56000,"Pasadena city, Texas",2012,54585,48836,5749,54585,209,8604,5000,6283,13566,8154,9047,2987,735,48836,16342,18451,7738,2956,1902,1447,26296,3347,9638,5948,3863,2512,832,115,41,101000,Texas
56348,"Pearland city, Texas",2012,35359,33106,2253,35359,1426,15869,6636,4533,4592,2091,212,0,0,33106,8538,17522,4651,1113,777,505,24948,277,641,6247,9168,7304,1129,182,0,176600,Texas
57200,"Pharr city, Texas",2012,24268,21913,2355,24268,601,11064,4552,2424,2956,749,1147,625,150,21913,5447,10730,2276,1083,1806,571,12411,3547,5989,1636,877,274,88,0,0,73800,Texas
58016,"Plano city, Texas",2012,105489,99867,5622,105489,1345,16146,35738,27206,18947,4254,1052,303,498,99867,30201,43191,19031,4697,2453,294,64014,662,2656,10642,15068,19607,11095,3293,991,212600,Texas
61796,"Richardson city, Texas",2012,42111,39317,2794,42111,669,5629,6193,6114,10822,7399,3944,560,781,39317,13444,13362,6270,2920,2060,1261,24416,207,1490,4785,8296,6367,2995,276,0,184700,Texas
63500,"Round Rock city, Texas",2012,36067,33621,2446,36067,289,15295,7798,7465,4083,712,237,87,101,33621,12714,15872,3368,1326,313,28,19391,154,854,6252,5112,4186,2676,157,0,167600,Texas
64472,"San Angelo city, Texas",2012,39757,36636,3121,39757,570,3571,2638,7473,8800,5022,6186,2345,3152,36636,14346,11846,4757,2432,2049,1206,20265,3604,6269,4678,3559,1366,654,135,0,102900,Texas
65000,"San Antonio city, Texas",2012,534347,480693,53654,534347,5758,95599,65489,96782,93581,59492,56453,30254,30939,480693,165968,171367,65837,32711,23963,20847,264368,28358,87317,59606,40710,30300,12574,4634,869,112300,Texas
70808,"Sugar Land city, Texas",2012,27712,25762,1950,27712,986,6481,7109,8245,3872,726,174,0,119,25762,5693,11950,5367,2224,248,280,21478,43,316,2889,2966,6129,6810,1879,446,271400,Texas
72176,"Temple city, Texas",2012,31231,24500,6731,31231,385,6698,3437,3832,6878,2758,3723,2256,1264,24500,7571,9320,3955,1148,1646,860,14197,811,4294,5098,2413,948,583,50,0,118100,Texas
72656,"The Woodlands CDP, Texas",2012,40698,37645,3053,40698,962,16745,10941,7969,3834,25,140,82,0,37645,10486,19974,5390,1553,242,0,28682,294,1089,3615,3746,6562,8857,4083,436,280200,Texas
74144,"Tyler city, Texas",2012,42683,38250,4433,42683,402,7060,3883,6466,8166,5486,6110,3175,1935,38250,14798,14268,4204,1667,2204,1109,20101,1678,5754,4652,2986,2355,1881,795,0,125000,Texas
76000,"Waco city, Texas",2012,52341,45254,7087,52341,268,8803,3988,6361,9632,6391,9287,4209,3402,45254,18266,16583,4888,2263,1410,1844,22084,4729,7543,4292,2826,1809,885,0,0,89700,Texas
79000,"Wichita Falls city, Texas",2012,43071,37538,5533,43071,243,4301,2976,5567,7343,6998,7444,1769,6430,37538,12367,14514,4422,2908,1906,1421,20894,4020,7485,3969,3500,1248,421,237,14,93500,Texas
1,United States,2013,132808137,116291033,16517104,132808137,1942156,19736330,18669866,18270879,20934801,14523532,14309994,7005330,17415249,116291033,38743337,40396668,18144123,8767228,5840431,4399246,73843861,7460862,11528358,11684610,11051448,13228396,11362403,5969759,1558025,173900,Texas
1000,"Abilene city, Texas",2013,48040,42519,5521,48040,1427,5009,3821,6811,5839,6075,11908,3661,3489,42519,19585,11238,5728,2676,1875,1417,23982,4473,9028,4967,2534,1733,1148,99,0,89700,Texas
1924,"Allen city, Texas",2013,30693,30231,462,30693,1607,12912,8886,3590,2113,584,630,140,231,-999999999,-999999999,-999999999,-999999999,-999999999,-999999999,-999999999,23228,492,1446,3123,6208,6356,4480,1123,0,204400,Texas
3000,"Amarillo city, Texas",2013,82972,75280,7692,82972,2571,9689,6783,10511,13110,13018,14556,5900,6834,75280,31460,23964,10538,4687,2888,1743,45199,5655,12060,12402,7367,5204,1603,574,334,118800,Texas
4000,"Arlington city, Texas",2013,146783,135015,11768,146783,2306,20769,23298,43696,31760,14594,8098,1779,483,135015,55177,46863,20715,6271,4552,1437,76612,4352,15926,28219,15830,8741,2812,489,243,129400,Texas
4462,"Atascocita CDP, Texas",2013,19826,19463,363,19826,1897,7692,4895,2513,2664,0,74,91,0,19463,6141,9463,2315,1373,171,0,15598,313,2356,4908,4206,2534,1082,199,0,152100,Texas
5000,"Austin city, Texas",2013,375441,349200,26241,375441,8605,81499,64580,79068,69484,30672,20631,9192,11710,349200,185134,101211,33745,15497,8756,4857,157643,7037,8380,20529,26432,39959,36711,15025,3570,234800,Texas
6128,"Baytown city, Texas",2013,28921,25976,2945,28921,469,5057,2309,3847,5776,3216,3762,2378,2107,25976,9129,9146,3402,1057,1528,1714,15886,2792,6127,3380,2270,963,247,0,107,92800,Texas
7000,"Beaumont city, Texas",2013,53756,44792,8964,53756,2894,5662,5618,5010,10832,8966,8373,3860,2541,44792,16983,15288,5736,2228,2595,1962,26735,5580,7898,6122,2723,2383,1766,201,62,99300,Texas
10768,"Brownsville city, Texas",2013,54965,49682,5283,54965,1273,14427,10179,10705,8419,4836,3197,865,1064,49682,15075,19518,7971,4070,1443,1605,31040,6104,12774,5980,2737,1924,1378,40,103,85400,Texas
10912,"Bryan city, Texas",2013,31484,28363,3121,31484,1079,5645,4119,6463,6436,3353,2693,524,1172,28363,15197,8317,2581,1823,220,225,12932,2217,3048,3548,2641,1112,131,235,0,113800,Texas
13024,"Carrollton city, Texas",2013,47744,46179,1565,47744,1551,4381,10432,16352,10067,3781,945,38,197,46179,17804,16262,7272,2819,1649,373,27926,561,2473,7765,8378,6974,1632,143,0,167600,Texas
15976,"College Station city, Texas",2013,40615,35021,5594,40615,1232,12592,7828,8010,7532,2062,426,302,631,35021,23868,7462,2552,574,351,214,11510,459,506,2930,3272,2242,1712,346,43,174900,Texas
17000,"Corpus Christi city, Texas",2013,127153,115854,11299,127153,2423,15357,12433,23081,21910,16766,24679,7508,2996,115854,47470,36197,14080,6310,6944,4853,65341,8229,20737,16108,10073,6422,2442,874,456,110700,Texas
19000,"Dallas city, Texas",2013,530492,476733,53759,530492,9130,62771,52996,97922,94251,77277,70852,32688,32605,476733,238727,137021,50622,21791,16706,11866,201168,21492,59362,29983,15783,27232,26514,14994,5808,127000,Texas
19972,"Denton city, Texas",2013,47888,43673,4215,47888,1005,15129,7701,9645,5248,4856,2538,1240,526,43673,23042,15678,2976,1013,608,356,20845,1763,2533,5730,5176,3545,1625,441,32,153100,Texas
22660,"Edinburg city, Texas",2013,25036,23344,1692,25036,1109,8843,5554,3219,3012,1378,577,862,482,23344,8607,8856,3653,1400,462,366,13311,1591,4929,3795,1667,993,190,78,68,101500,Texas
24000,"El Paso city, Texas",2013,239557,219332,20225,239557,9226,41393,30027,35821,41654,32682,28426,9209,11119,219332,75770,72734,32288,17394,11759,9387,129187,9450,38115,43382,19184,11696,5104,1849,407,116500,Texas
26232,"Flower Mound town, Texas",2013,23923,23504,419,23923,487,5443,12490,3699,1032,352,373,0,47,23504,5452,11722,5261,712,281,76,20580,517,180,1375,3708,7310,5509,1930,51,265300,Texas
27000,"Fort Worth city, Texas",2013,295503,269433,26070,295503,7500,80776,35508,43231,32187,25595,34449,16608,19649,269433,118909,93151,28459,12397,9090,7427,152906,15875,41605,41822,24668,15576,8647,3573,1140,120100,Texas
27684,"Frisco city, Texas",2013,46977,45378,1599,46977,3505,28737,10193,2285,656,586,781,39,195,-999999999,-999999999,-999999999,-999999999,-999999999,-999999999,-999999999,32642,758,394,954,4952,11791,9797,3404,592,278400,Texas
29000,"Garland city, Texas",2013,82781,77958,4823,82781,1008,7801,10411,18091,24089,12815,5775,2508,283,77958,28875,27808,10454,5112,4247,1462,45974,1945,15712,16042,5897,4850,1044,412,72,112200,Texas
30464,"Grand Prairie city, Texas",2013,64749,59638,5111,64749,710,17961,9697,13793,9539,4911,4033,3412,693,59638,21771,23665,8120,2841,1911,1330,37103,2669,8431,12941,7875,4298,848,41,0,125100,Texas
32372,"Harlingen city, Texas",2013,24978,20298,4680,24978,1027,3094,3790,4347,4367,2870,3442,1215,826,20298,5592,6676,3173,1750,1561,1546,13618,2346,6201,2061,1138,1133,416,323,0,86900,Texas
35000,"Houston city, Texas",2013,926019,815266,110753,926019,19557,142551,93255,122133,222551,137135,104030,45138,39669,815266,397723,235749,86062,39142,32381,24209,350611,31612,100759,69442,37830,42110,39429,22467,6962,125700,Texas
37000,"Irving city, Texas",2013,87865,82361,5504,87865,2128,12893,15559,22703,12116,12100,8031,1448,887,82361,44587,24059,7554,3071,1935,1155,29604,2202,6758,7761,4297,3715,3931,803,137,131200,Texas
39148,"Killeen city, Texas",2013,60380,43523,16857,60380,3846,17878,11808,9533,9270,5411,1966,410,258,43523,23043,12995,4517,1636,1119,213,20587,1200,5170,7088,4640,2080,297,56,56,125100,Texas
41464,"Laredo city, Texas",2013,71763,65685,6078,71763,2488,17174,16801,11114,10877,4904,3613,3095,1697,65685,21394,24909,9517,4789,2516,2560,42508,5530,13036,11756,6524,3793,1336,533,0,110300,Texas
41980,"League City city, Texas",2013,35945,34347,1598,35945,1938,17324,7825,4567,2956,790,402,0,143,34347,13451,15392,3458,1213,634,199,23058,180,699,5603,7014,5935,2428,1199,0,185100,Texas
42508,"Lewisville city, Texas",2013,40146,36845,3301,40146,1202,7875,13513,10714,4777,1313,549,73,130,36845,20073,12100,3714,551,288,119,15726,1422,1238,4577,5672,2414,373,0,30,154400,Texas
43888,"Longview city, Texas",2013,33572,30842,2730,33572,1071,3253,2430,5256,10838,6134,3273,785,532,30842,13701,10081,2338,1884,2100,738,16110,2378,3208,4110,3774,1449,709,443,39,127800,Texas
45000,"Lubbock city, Texas",2013,99544,88815,10729,99544,3178,15671,10389,15597,19475,15414,12321,4854,2645,88815,41427,26495,8878,6021,3634,2360,48958,7035,15858,11787,6494,4245,2918,621,0,106400,Texas
45384,"McAllen city, Texas",2013,47365,41352,6013,47365,1458,13296,7756,9844,7630,3116,2191,661,1413,41352,15383,14209,6444,3075,1673,568,24773,2107,7871,7163,3370,2937,798,397,130,114700,Texas
45744,"McKinney city, Texas",2013,50565,48717,1848,50565,4540,25202,11230,4624,1337,1006,1056,764,806,48717,21030,22563,4297,543,73,211,31944,1477,850,4974,9342,7452,6713,1078,58,196400,Texas
47892,"Mesquite city, Texas",2013,51362,47649,3713,51362,86,7543,7962,14203,10418,6267,4136,525,222,47649,18836,17373,5662,2768,1735,1275,26767,1685,9680,10515,3286,1377,0,135,89,108600,Texas
48072,"Midland city, Texas",2013,46423,43231,3192,46423,1783,5279,6300,10040,6738,6018,7754,1460,1051,43231,20174,13760,4324,2300,1515,1158,25944,2059,3810,4724,6017,4465,3643,1031,195,168100,Texas
48768,"Mission city, Texas",2013,31007,25009,5998,31007,1088,11626,6949,2887,5175,1189,1222,506,365,25009,9242,10464,3563,835,599,306,16926,3719,5858,2636,1949,1825,691,248,0,88700,Texas
48804,"Missouri City city, Texas",2013,23120,22219,901,23120,995,5475,3886,4259,7554,707,74,0,170,22219,4831,9634,4889,1371,1494,0,17597,425,2808,4294,3948,4267,1443,412,0,164100,Texas
52356,"North Richland Hills city, Texas",2013,27814,26333,1481,27814,541,5201,4093,7919,6420,1534,1628,233,245,26333,11113,8741,3251,1674,910,644,15200,409,2499,3769,4180,2544,1701,98,0,158400,Texas
53388,"Odessa city, Texas",2013,40719,38870,1849,40719,1103,3369,2477,5801,5345,5450,12887,3556,731,38870,15776,11544,5340,2566,1377,2267,22843,3466,7246,5321,3976,2030,507,149,148,105400,Texas
56000,"Pasadena city, Texas",2013,50549,45715,4834,50549,901,6920,7356,4919,11637,7382,8328,2482,624,45715,18234,16469,6206,1887,1679,1240,24865,3363,9543,4739,3737,2795,657,31,0,98100,Texas
56348,"Pearland city, Texas",2013,36087,35067,1020,36087,2728,17262,6411,3097,4040,1231,1244,0,74,35067,11086,17866,4750,710,275,380,26706,1284,528,5421,8754,7917,2760,0,42,180200,Texas
57200,"Pharr city, Texas",2013,22935,19788,3147,22935,923,7268,3641,4290,3988,755,971,641,458,19788,6128,8955,2120,1366,663,556,11494,-999999999,-999999999,-999999999,-999999999,-999999999,-999999999,-999999999,-999999999,73700,Texas
58016,"Plano city, Texas",2013,110660,105977,4683,110660,2134,18155,37696,29541,16834,3999,1224,657,420,105977,41953,37628,17873,5283,2763,477,63109,1764,2391,8953,12689,18075,14368,4026,843,226500,Texas
61796,"Richardson city, Texas",2013,40039,38324,1715,40039,1072,4718,7236,5640,11237,6574,3378,119,65,38324,15775,11574,4778,2265,2643,1289,23244,624,1054,4110,6103,7850,2924,335,244,197800,Texas
63500,"Round Rock city, Texas",2013,39797,37153,2644,39797,1290,15259,10331,9413,3011,221,253,19,0,37153,15271,15629,4722,973,337,221,23448,397,801,7095,6330,6103,2335,387,0,170800,Texas
64472,"San Angelo city, Texas",2013,41231,37998,3233,41231,987,2697,4080,6750,9081,4688,6621,4617,1710,37998,15835,10939,5536,2554,1709,1425,22907,3572,6601,5809,3035,2654,664,429,143,109000,Texas
65000,"San Antonio city, Texas",2013,538533,493102,45431,538533,11593,96406,73640,93497,91497,59540,54783,27752,29825,493102,205172,149478,64190,32054,23873,18335,262256,27725,83375,60521,40562,29168,14823,5301,781,115600,Texas
70808,"Sugar Land city, Texas",2013,28830,27493,1337,28830,948,5806,6782,9517,4564,708,140,40,325,27493,7069,10302,6117,3163,524,318,22349,612,291,3303,3078,6119,6323,2501,122,265300,Texas
72176,"Temple city, Texas",2013,26712,23926,2786,26712,1912,5446,3332,4399,3647,3238,2487,1274,977,23926,10175,8411,2759,1008,845,728,13885,969,3464,4613,2226,1899,491,186,37,122400,Texas
72656,"The Woodlands CDP, Texas",2013,39714,36186,3528,39714,2184,13393,12874,7186,3787,69,43,0,178,36186,13950,13220,6011,2272,733,0,26417,461,106,2091,3713,5196,10392,3894,564,328400,Texas
74144,"Tyler city, Texas",2013,42745,38261,4484,42745,1113,7715,4815,6002,7304,5512,5986,2204,2094,38261,15936,11580,5364,2474,1144,1763,21017,2131,5622,4911,3517,2622,1647,496,71,127300,Texas
75428,"Victoria city, Texas",2013,26144,23729,2415,26144,82,2165,3835,4138,6072,2833,4583,1483,953,23729,9133,7866,3297,1140,1286,1007,14694,1744,3874,4210,2848,1085,691,242,0,115800,Texas
76000,"Waco city, Texas",2013,51711,46626,5085,51711,1339,5572,5347,6771,10303,7031,8286,3948,3114,46626,24009,13451,3635,2260,1358,1913,20727,3304,8057,3866,2890,1493,814,303,0,91000,Texas
79000,"Wichita Falls city, Texas",2013,44016,38748,5268,44016,343,4047,4793,4299,7903,7604,6551,2234,6242,38748,16809,11721,5171,2300,1471,1276,22022,5208,7155,4180,1830,2663,986,0,0,89500,Texas
1,United States,2014,133962970,117259427,16703543,133962970,2723663,19599180,18770589,18346964,20974330,14741022,14243850,7029981,17533391,117259427,45069381,36624354,17383494,8447356,5616819,4118023,73991995,7252803,10984718,11238389,10866782,13431171,11936757,6510385,1770990,181200,Texas
1000,"Abilene city, Texas",2014,47610,41710,5900,47610,1357,4088,4641,7432,8150,5465,9754,3629,3094,41710,21573,9625,5450,2207,1592,1263,21966,3522,7176,4562,3834,2247,570,55,0,103000,Texas
1924,"Allen city, Texas",2014,31274,30341,933,31274,3513,12088,8690,4036,1955,581,74,0,337,30341,12553,13313,3526,617,202,130,23515,344,683,2512,4951,6881,6932,1032,180,233700,Texas
3000,"Amarillo city, Texas",2014,83800,74709,9091,83800,2969,9576,6471,10125,12788,13942,13989,6826,7114,74709,32905,21240,10727,4436,3340,2061,45807,5755,13388,10132,8055,5796,1934,666,81,116300,Texas
4000,"Arlington city, Texas",2014,148731,135093,13638,148731,1722,20692,22988,44854,32373,15230,8017,1441,1414,135093,67226,38031,17318,7044,3472,2002,72842,3797,17868,21116,16139,10345,2924,525,128,133500,Texas
4462,"Atascocita CDP, Texas",2014,23786,22899,887,23786,1830,10148,5789,3684,2227,0,45,63,0,22899,8710,10698,2193,842,456,0,18451,886,1673,5204,4871,4521,962,165,169,162600,Texas
5000,"Austin city, Texas",2014,392184,360996,31188,392184,15827,77447,64968,85067,72124,32244,22486,10454,11567,360996,208942,89410,34104,14889,9414,4237,161402,7375,5933,14255,28438,40683,39944,20283,4491,255900,Texas
6128,"Baytown city, Texas",2014,31372,27073,4299,31372,1195,5827,1908,4130,6705,4405,3289,2309,1604,27073,13184,7816,2315,1616,1039,1103,15195,2479,6025,4005,1629,708,349,0,0,93600,Texas
7000,"Beaumont city, Texas",2014,51580,45669,5911,51580,2760,5829,3983,4973,10214,8592,7044,4049,4136,45669,18688,14706,5261,2827,2477,1710,25867,4892,9665,4314,4410,1535,655,347,49,90000,Texas
10768,"Brownsville city, Texas",2014,55540,50340,5200,55540,2676,14869,10670,8320,9096,3667,3420,1864,958,50340,18086,18716,6323,3037,2314,1864,31359,6043,13882,6220,2512,2242,276,184,0,83000,Texas
10912,"Bryan city, Texas",2014,32190,29718,2472,32190,1893,5127,5544,5165,6012,2785,2580,1488,1596,29718,15592,8572,2822,1497,757,478,13676,1625,3497,3824,2261,1394,529,185,361,130000,Texas
13024,"Carrollton city, Texas",2014,47471,45936,1535,47471,1752,6808,8372,16996,9012,2594,1174,326,437,45936,21072,14658,5668,3138,1208,192,26707,397,1965,5769,7734,7360,2438,1044,0,181800,Texas
15976,"College Station city, Texas",2014,41336,38725,2611,41336,3263,10454,9225,6850,7381,1172,1755,598,638,38725,29849,5189,2367,758,322,240,12598,318,499,2008,4004,3637,1918,214,0,193000,Texas
16432,"Conroe city, Texas",2014,25619,23105,2514,25619,2111,7960,3863,4649,3506,1521,839,471,699,23105,12359,7347,1970,780,471,178,11537,1635,2236,2391,1714,1675,1529,357,0,140400,Texas
17000,"Corpus Christi city, Texas",2014,129241,117685,11556,129241,3317,14042,14661,24059,21868,16975,21733,8835,3751,117685,52740,32309,14778,7608,5784,4466,66577,7515,20698,15508,9757,7770,4003,902,424,118100,Texas
19000,"Dallas city, Texas",2014,540447,484335,56112,540447,11890,64142,52080,97377,101083,72964,75553,31398,33960,484335,269768,114858,47061,20241,18531,13876,199532,18371,55133,30211,16998,26357,30369,16201,5892,140700,Texas
19972,"Denton city, Texas",2014,49109,46295,2814,49109,2837,15532,8324,6728,7264,4315,2354,1162,593,46295,26359,15263,2736,1150,544,243,21427,2650,1350,5281,5723,3809,1888,479,247,159800,Texas
22660,"Edinburg city, Texas",2014,26222,23471,2751,26222,2017,10508,5215,2352,2338,2472,953,0,367,23471,11202,7404,2809,895,579,582,12257,1754,3605,3090,1876,1366,124,442,0,109100,Texas
24000,"El Paso city, Texas",2014,244766,218127,26639,244766,11729,39290,31321,32734,43311,36235,30181,9403,10562,218127,89793,61594,32077,14629,12466,7568,129034,9100,37376,40625,21069,12685,7148,871,160,119200,Texas
26232,"Flower Mound town, Texas",2014,23135,21963,1172,23135,809,5196,11653,3937,1101,247,144,48,0,21963,6820,9882,4251,731,234,45,19452,215,198,796,2858,6706,6609,1893,177,288100,Texas
27000,"Fort Worth city, Texas",2014,309326,281924,27402,309326,14040,83128,35916,38006,36303,25424,38415,17740,20354,281924,136110,91896,27592,11649,7673,7004,157225,15986,41889,38819,26825,17386,11602,4057,661,127300,Texas
27684,"Frisco city, Texas",2014,50407,47880,2527,50407,7854,27261,11505,1955,595,696,171,155,215,47880,22954,21406,3109,411,0,0,36567,732,330,635,5023,12264,13638,3045,900,294100,Texas
29000,"Garland city, Texas",2014,80814,75775,5039,80814,1093,8861,8636,18092,24072,11309,7431,960,360,75775,26439,26416,12373,4887,4558,1102,48041,1119,14575,18574,8096,2829,2341,353,154,119000,Texas
30464,"Grand Prairie city, Texas",2014,61908,58703,3205,61908,1529,17786,9488,9630,9796,5545,4739,2604,791,58703,26458,19191,7498,2709,1511,1336,35298,2686,9407,9555,7576,4170,1417,487,0,125700,Texas
32372,"Harlingen city, Texas",2014,23938,20831,3107,23938,415,3990,4656,3691,4118,2313,3142,858,755,20831,8378,7069,1828,1360,1038,1158,12213,4040,4823,1371,962,833,117,0,67,72000,Texas
35000,"Houston city, Texas",2014,931083,834204,96879,931083,26245,136161,95308,130837,210459,145236,102414,40173,44250,834204,444347,217960,85269,36224,29921,20483,347479,32698,92083,65256,39208,38837,44273,26287,8837,134500,Texas
37000,"Irving city, Texas",2014,90708,84734,5974,90708,2975,11205,16438,21842,14224,12689,8979,1555,801,84734,54038,19022,5553,2421,1962,1738,31102,1855,6351,7767,4781,5262,4076,923,87,146500,Texas
39148,"Killeen city, Texas",2014,57695,48652,9043,57695,5237,16384,8293,9809,9959,3937,3663,294,119,48652,30001,10255,5206,1656,1037,497,22022,1616,6963,6926,3106,2757,402,140,112,115500,Texas
41464,"Laredo city, Texas",2014,72972,66985,5987,72972,2835,19890,16155,10595,9961,5059,3737,2888,1852,66985,26303,20268,11680,3983,2870,1881,40670,5543,12255,8965,7812,3458,1973,664,0,113400,Texas
41980,"League City city, Texas",2014,33530,32128,1402,33530,2721,12809,6815,6203,3466,825,585,0,106,32128,14928,12302,2486,1510,664,238,21875,1471,888,3392,4694,8178,2978,274,0,204600,Texas
42508,"Lewisville city, Texas",2014,42261,39017,3244,42261,1845,7812,14458,10628,4383,1797,852,252,234,39017,22766,10465,3339,1521,848,78,16800,1490,1355,3501,5216,4611,488,139,0,171500,Texas
43888,"Longview city, Texas",2014,34068,31082,2986,34068,390,3850,2858,6066,8528,5800,3179,3176,221,31082,13247,9055,3968,2000,1948,864,17648,1805,4114,4490,3123,3030,464,392,230,132200,Texas
45000,"Lubbock city, Texas",2014,103366,94682,8684,103366,4260,15223,10272,15797,18082,16789,14832,4164,3947,94682,51801,22775,9188,5084,3496,2338,48793,6003,14626,12086,7056,4543,3507,919,53,113500,Texas
45384,"McAllen city, Texas",2014,47882,41458,6424,47882,1299,11632,11301,8066,7869,4580,1534,778,823,41458,18388,11597,6703,2051,1583,1136,24016,1885,7107,7117,4220,1707,1357,577,46,120800,Texas
45744,"McKinney city, Texas",2014,56104,53943,2161,56104,6642,27532,11095,5526,2656,729,1157,297,470,53943,30302,19907,2795,444,447,48,35582,964,838,3184,9330,13446,6611,804,405,221700,Texas
47892,"Mesquite city, Texas",2014,51941,47715,4226,51941,143,5879,10153,13323,9023,7501,5197,614,108,47715,20382,14663,6802,2901,1993,974,26284,1832,10224,9456,3789,897,43,43,0,105300,Texas
48072,"Midland city, Texas",2014,46380,43086,3294,46380,1473,4287,6594,8744,7560,6067,10242,921,492,43086,19464,14075,4595,2018,1757,1177,27169,2026,3588,4246,5636,5838,3942,1836,57,179300,Texas
48768,"Mission city, Texas",2014,27962,22849,5113,27962,598,11457,7350,4379,2601,802,621,44,110,22849,8352,9229,3099,1210,647,312,16089,3062,4191,4065,1635,2609,527,0,0,108900,Texas
48804,"Missouri City city, Texas",2014,23457,23115,342,23457,1181,4271,5716,5887,5461,787,75,79,0,23115,7606,8436,3946,2320,807,0,18341,521,2833,5430,3988,4144,956,469,0,153400,Texas
50820,"New Braunfels city, Texas",2014,23812,21463,2349,23812,1724,9126,3755,2504,2615,1666,704,870,848,21463,9668,8303,1821,720,571,380,14605,954,1372,2938,4446,3375,1010,322,188,173400,Texas
52356,"North Richland Hills city, Texas",2014,26297,24849,1448,26297,843,3345,5704,7024,4013,2600,2550,177,41,24849,11472,6414,3375,1765,1217,606,16205,587,2339,4275,3438,3428,1876,262,0,162200,Texas
53388,"Odessa city, Texas",2014,44978,40556,4422,44978,3586,3764,3715,4098,8313,6025,11927,2855,695,40556,18093,9836,5907,2937,1762,2021,23890,3456,4418,4356,6136,4029,993,197,305,145800,Texas
56000,"Pasadena city, Texas",2014,55379,49719,5660,55379,606,6145,7097,8037,10267,9032,11108,2503,584,49719,21420,14915,6265,3079,2308,1732,26728,2560,9607,6341,3688,2856,1310,366,0,109000,Texas
56348,"Pearland city, Texas",2014,36225,35128,1097,36225,4142,15102,7511,3966,3451,1482,246,325,0,35128,13398,15421,3302,1975,842,190,26996,1622,956,4559,9861,7301,2204,493,0,182100,Texas
57200,"Pharr city, Texas",2014,23242,20333,2909,23242,1574,9225,3800,3370,1278,1961,1001,0,1033,20333,7507,7123,2912,1438,870,483,13212,3596,6573,1843,736,370,94,0,0,68800,Texas
58016,"Plano city, Texas",2014,108910,104535,4375,108910,3122,18557,38735,26760,16499,3840,881,389,127,104535,44790,34037,17782,5333,2394,199,65481,2144,2273,8591,12063,20093,15559,3510,1248,236000,Texas
61796,"Richardson city, Texas",2014,46162,43569,2593,46162,686,6891,7728,5374,12283,8121,4795,96,188,43569,18753,12023,6354,2879,2713,847,26054,370,990,4234,6809,7525,5133,910,83,206300,Texas
63500,"Round Rock city, Texas",2014,37918,36034,1884,37918,1828,13764,11702,5879,3219,707,177,213,429,36034,18171,12241,4014,980,628,0,21580,506,393,5219,5115,6405,3399,316,227,193700,Texas
64472,"San Angelo city, Texas",2014,40582,36051,4531,40582,683,2098,3406,5796,9530,5267,8874,2978,1950,36051,17538,9406,4611,2087,1396,1013,20566,3792,7777,3566,2577,1688,1084,82,0,91500,Texas
65000,"San Antonio city, Texas",2014,535546,492940,42606,535546,17772,89685,69519,90046,88597,60097,57880,31363,30587,492940,231772,133861,56631,31747,21592,17337,264388,28548,82113,53730,43473,34278,15969,5350,927,119000,Texas
70808,"Sugar Land city, Texas",2014,29848,28213,1635,29848,1967,5642,7963,9350,4099,333,115,106,273,28213,8438,11058,5136,3290,249,42,24482,162,124,2420,3256,7889,7607,2480,544,281300,Texas
72176,"Temple city, Texas",2014,29367,25732,3635,29367,1919,5070,2953,3445,6139,3714,2755,1663,1709,25732,12772,7524,2648,1684,754,350,13092,687,3334,4439,2285,1393,784,170,0,123300,Texas
72656,"The Woodlands CDP, Texas",2014,42106,38872,3234,42106,2272,15735,11805,7787,3189,230,1036,0,52,38872,17234,15681,4416,1280,261,0,27184,184,352,2153,2365,5224,8844,7535,527,353800,Texas
74144,"Tyler city, Texas",2014,41114,35901,5213,41114,1074,6397,4044,6230,8434,5410,5179,1703,2643,35901,17421,11539,3393,1464,1075,1009,17921,2058,4110,3168,3625,2911,1475,498,76,144500,Texas
75428,"Victoria city, Texas",2014,26985,24195,2790,26985,531,2127,4192,4180,5503,3500,4167,1513,1272,24195,11284,5696,3319,1725,1332,839,13653,2174,3405,3119,2515,1244,991,28,177,117700,Texas
76000,"Waco city, Texas",2014,52483,46843,5640,52483,724,7276,6290,6742,10286,6409,8442,1941,4373,46843,26412,11602,3480,2286,1614,1449,20097,3283,7159,4221,2607,1578,947,216,86,94100,Texas
79000,"Wichita Falls city, Texas",2014,41610,34845,6765,41610,974,4176,4447,5687,6717,5633,7677,2566,3733,34845,16677,9752,3645,2058,1765,948,20105,4518,6186,4710,2423,1384,612,227,45,94900,Texas
1,United States,2015,134793665,118208250,16585415,134793665,644434,3349216,19541438,18890642,18363586,20924027,14547538,14182503,6865918,2.54,118208250,8771565,42303115,33302241,16572249,8085650,1276055,74506512,5599055,10432762,11186841,11027247,14035465,12923900,7255822,2045420,Texas
1000,"Abilene city, Texas",2015,49389,42507,6882,49389,186,1366,4524,6155,5726,6718,5990,11577,3062,2.65,42507,5320,17853,10253,4244,2308,450,23209,3821,5961,6758,2579,2845,869,257,119,Texas
1924,"Allen city, Texas",2015,32693,32204,489,32693,1040,1800,13579,8079,4799,2673,350,46,252,3.15,32204,2503,13349,11461,3184,1102,731,23964,111,756,2453,2942,8988,7038,1287,389,Texas
3000,"Amarillo city, Texas",2015,83406,74766,8640,83406,297,2948,9015,6861,9300,13059,13006,16163,7909,2.43,74766,7367,30963,19394,8394,3921,1309,45254,3391,13709,11660,7817,4996,2607,829,245,Texas
4000,"Arlington city, Texas",2015,144186,132835,11351,144186,382,1978,19283,26785,40584,31900,11856,8653,1993,2.83,132835,14948,54565,34596,17801,6868,1708,70223,2951,12640,21843,16230,11724,4212,623,0,Texas
4462,"Atascocita CDP, Texas",2015,25944,24994,950,25944,316,1267,11809,4582,3893,3539,402,0,0,2.74,24994,1396,9102,9749,3105,1468,-999999999,19621,379,786,5405,6230,4810,1472,306,233,Texas
5000,"Austin city, Texas",2015,397637,364893,32744,397637,5483,21652,83362,67471,76407,68698,32595,19842,10694,2.31,364893,43454,186638,81808,30722,11522,8006,161837,4210,4834,12170,22138,44220,42851,26585,4829,Texas
6128,"Baytown city, Texas",2015,31859,28893,2966,31859,140,2437,4415,3938,4030,6717,3959,3076,1995,2.35,28893,3353,11549,7829,3247,1136,16037,2888,4943,3987,1770,1537,398,246,268,102500,Texas
7000,"Beaumont city, Texas",2015,51572,46133,5439,51572,693,3027,6920,5788,5080,9448,9965,6232,1797,2.46,46133,5966,16160,11689,5650,2641,24625,5417,7059,4352,3210,2417,1670,500,0,,Texas
10768,"Brownsville city, Texas",2015,57563,52309,5254,57563,893,3492,15023,8700,10650,6870,5872,2658,2056,3.35,52309,3000,17187,17149,6802,4356,32407,6541,13162,6843,3640,1407,620,194,0,,Texas
10912,"Bryan city, Texas",2015,33949,30599,3350,33949,545,2346,7062,4033,6099,5524,2503,3069,1379,2.32,30599,4179,14813,6272,3051,1391,13998,2363,2567,3141,2929,1914,942,142,0,,Texas
13024,"Carrollton city, Texas",2015,48497,47577,920,48497,383,2082,5775,7396,17988,10419,2331,1588,364,2.49,47577,4865,19325,12756,7159,2189,28083,458,438,6312,7656,9153,3566,459,41,,Texas
13552,"Cedar Park city, Texas",2015,22220,21212,1008,22220,394,2625,9817,6311,1949,888,158,0,78,2.44,21212,2510,9495,6620,1921,393,13848,266,81,889,2330,5762,4051,469,0,,Texas
15976,"College Station city, Texas",2015,41592,38409,3183,41592,734,3301,10636,7444,7524,7839,2530,863,479,2.38,38409,6559,20251,8141,2010,1017,14569,704,505,1860,4028,4225,2314,836,97,,Texas
16432,"Conroe city, Texas",2015,27685,25298,2387,27685,786,2900,8070,2098,4682,6047,2211,739,152,2.37,25298,3161,13166,6740,1163,655,11720,483,2449,2489,2057,1953,1986,153,150,158200,Texas
17000,"Corpus Christi city, Texas",2015,130945,117609,13336,130945,1522,3629,16040,15764,22359,19261,17703,23426,8468,2.51,117609,14580,47390,25526,13560,7770,63166,6063,17092,16135,9777,8883,3550,1299,367,,Texas
19000,"Dallas city, Texas",2015,550251,495362,54889,550251,5248,17248,63369,60379,98116,98421,73776,79036,25361,2.41,495362,58455,236206,105563,47593,20261,204854,18216,50032,33131,17645,24099,31809,21062,8860,,Texas
19972,"Denton city, Texas",2015,48282,45529,2753,48282,494,2935,14005,8115,6321,7561,4579,2046,1048,2.47,45529,6918,20902,12248,2619,1617,21785,1079,1960,4350,6024,6127,1715,354,176,,Texas
22660,"Edinburg city, Texas",2015,29000,25073,3927,29000,328,1658,10069,7472,3111,3102,1218,1146,347,2.84,25073,2107,10403,7768,3084,634,14235,1869,4832,3198,2564,1197,315,260,0,,Texas
24000,"El Paso city, Texas",2015,246920,222557,24363,246920,1125,14651,39935,33246,33314,41329,28306,32223,13126,2.71,222557,17840,79562,57334,30554,16343,131608,7947,38537,43116,21829,12872,5642,1331,334,,Texas
26232,"Flower Mound town, Texas",2015,23979,23575,404,23979,292,692,4601,11448,5027,1443,27,205,244,2.29,23575,1253,8052,8937,4016,828,20106,197,96,959,2077,6145,7936,2375,321,,Texas
27000,"Fort Worth city, Texas",2015,315201,285173,30028,315201,2348,14772,87039,37103,40992,34356,26034,35702,14277,2.64,285173,25725,126365,83630,25525,9819,160604,14681,38180,37742,30354,23439,10699,4183,1326,,Texas
27684,"Frisco city, Texas",2015,52266,50480,1786,52266,2735,7617,26976,10943,2007,953,660,148,129,2.47,50480,4917,22611,19786,2531,334,39398,522,281,929,3312,11673,16356,5891,434,,Texas
29000,"Garland city, Texas",2015,80113,75582,4531,80113,149,940,7988,8581,20346,23039,11082,6027,1656,3.13,75582,5837,25407,22351,11553,4693,46639,960,10852,17007,9244,5306,2736,494,40,,Texas
30464,"Grand Prairie city, Texas",2015,63669,58919,4750,63669,183,2658,16945,10217,12391,9451,4133,4571,2661,2.99,58919,3751,24234,18905,6485,3197,36356,2156,8322,10805,8131,4563,1654,505,220,,Texas
32372,"Harlingen city, Texas",2015,25737,21447,4290,25737,0,423,5866,3325,4279,4880,2194,2700,1330,3.08,21447,2033,9207,5385,2373,1004,11435,3387,3125,2028,1779,921,113,82,0,,Texas
35000,"Houston city, Texas",2015,946571,849974,96597,946571,7284,35799,143095,95122,134739,222060,127736,100299,40006,2.53,849974,105808,399212,182563,75180,38159,351584,22723,83076,67606,42920,42675,49492,31783,11309,152200,Texas
37000,"Irving city, Texas",2015,90714,84684,6030,90714,793,3895,11106,15743,22474,12896,13051,8845,1118,2.6,84684,11989,42085,19105,6160,2108,31561,1297,4860,10293,4573,3946,4711,1780,101,,Texas
39148,"Killeen city, Texas",2015,58259,51766,6493,58259,397,7048,12841,10893,10910,8745,4694,1623,682,2.54,51766,7510,27653,8606,3803,2826,22763,1941,6065,8334,3783,1524,489,467,160,,Texas
41464,"Laredo city, Texas",2015,74887,69026,5861,74887,332,3677,19151,17651,11192,7320,6403,3863,2589,3.58,69026,3967,24244,20649,10421,4872,42659,3496,12102,11366,7773,4474,2781,667,0,,Texas
41980,"League City city, Texas",2015,37459,35997,1462,37459,890,2264,15938,8179,4433,2851,2601,143,50,2.59,35997,2063,13767,13085,4406,1456,29147,458,401,3886,6618,11417,5204,994,169,219200,Texas
42508,"Lewisville city, Texas",2015,40676,37593,3083,40676,328,1692,8421,13196,10139,4289,1767,627,176,2.45,37593,5022,19673,8270,2645,1097,15813,1819,756,4425,4179,4226,366,0,42,,Texas
43888,"Longview city, Texas",2015,34057,30457,3600,34057,208,559,3556,2580,5412,7792,6856,3975,2080,2.44,30457,2322,11391,9234,3995,1134,17011,2095,4306,3570,3505,2257,1068,210,0,,Texas
45000,"Lubbock city, Texas",2015,102813,91196,11617,102813,314,4190,15711,11148,13489,19223,15951,14999,5295,2.5,91196,12654,40444,20183,7376,4703,45130,5340,10999,11097,8235,5216,2954,1088,201,,Texas
45384,"McAllen city, Texas",2015,50282,43578,6704,50282,0,2365,12567,11181,9493,7928,3330,1963,511,3.06,43578,4470,15918,12113,5003,2753,27090,3260,7563,6813,4495,3622,989,309,39,,Texas
45744,"McKinney city, Texas",2015,58283,55575,2708,58283,1791,6795,27305,12552,4770,1816,1022,572,880,2.64,55575,4217,27012,18101,4731,964,37659,656,765,2699,6116,14473,10062,2601,287,,Texas
47892,"Mesquite city, Texas",2015,52141,48835,3306,52141,0,457,6678,9993,13657,9773,6700,4059,490,2.71,48835,4988,16452,12968,7566,3162,28991,840,9043,11278,5544,1634,341,166,145,,Texas
48072,"Midland city, Texas",2015,49761,47237,2524,49761,32,3035,4506,4968,12572,6330,6706,8470,2158,2.41,47237,5370,17104,12701,5796,3272,32349,1605,3725,4060,6859,8063,5991,1406,640,,Texas
48768,"Mission city, Texas",2015,28497,23669,4828,28497,46,2989,8771,5738,5274,3125,1076,556,292,3.59,23669,2116,10255,5946,3481,750,15615,2557,5182,3755,1775,1164,749,262,171,,Texas
48804,"Missouri City city, Texas",2015,24641,23582,1059,24641,113,1364,5646,5982,3752,6407,841,536,0,2.83,23582,1047,7266,8005,5093,1715,18722,89,946,5572,4664,4559,1974,739,179,178400,Texas
50820,"New Braunfels city, Texas",2015,27347,24211,3136,27347,1038,3175,7908,4079,2469,3556,1219,1730,806,2.8,24211,2123,10853,6738,2394,693,15361,940,721,2748,4585,3654,1906,670,137,,Texas
52356,"North Richland Hills city, Texas",2015,27931,26068,1863,27931,250,691,4098,4389,7671,5912,2473,2321,126,2.35,26068,2304,10224,6496,3874,2123,15964,403,2210,3563,4735,2694,2153,169,37,,Texas
53388,"Odessa city, Texas",2015,44518,40198,4320,44518,730,2007,4305,2861,5317,8605,6579,11201,2306,2.47,40198,4783,15686,9233,4775,1901,25464,2523,4840,6788,5010,4051,1283,844,125,,Texas
56000,"Pasadena city, Texas",2015,56473,51820,4653,56473,0,1332,6859,6667,7547,11280,10470,9945,2201,2.81,51820,6107,23201,11187,5910,2885,25457,2339,8100,7359,3283,3308,845,181,42,111200,Texas
56348,"Pearland city, Texas",2015,38810,37073,1737,38810,496,5991,14935,8386,3825,2309,1971,852,45,2.55,37073,2091,17797,11219,3862,1188,25606,549,1415,2974,6796,9688,4184,0,0,207800,Texas
57200,"Pharr city, Texas",2015,24490,20839,3651,24490,184,692,10655,4122,4131,1832,1235,891,415,3.57,20839,858,7031,7333,2347,1620,13161,3985,5898,2294,481,121,270,112,0,,Texas
58016,"Plano city, Texas",2015,111786,106610,5176,111786,1002,3003,16794,38950,28994,17068,3699,1580,464,2.46,106610,9650,44332,29997,15091,5224,63715,455,1423,6212,10000,21321,18700,5015,589,,Texas
61796,"Richardson city, Texas",2015,40689,38816,1873,40689,271,1002,3825,8385,4854,11212,7331,3421,243,2.98,38816,4466,14804,8601,6342,1833,23564,84,967,2137,5797,8386,5202,730,261,,Texas
63500,"Round Rock city, Texas",2015,39239,36819,2420,39239,452,1972,14138,9791,7817,4314,234,427,26,2.68,36819,3789,15243,11930,4249,1075,22719,413,373,3516,6553,7360,3818,686,0,,Texas
64472,"San Angelo city, Texas",2015,41105,37817,3288,41105,206,1146,3652,4754,6226,7751,7175,7092,1676,2.24,37817,4056,15942,10148,3624,2215,21097,2227,5877,4524,3594,2936,1498,323,118,,Texas
65000,"San Antonio city, Texas",2015,540247,494344,45903,540247,3317,18345,91788,75961,94717,80728,56339,56660,30544,2.74,494344,56523,197036,116814,55433,27904,256288,22971,73844,55778,42983,36773,17419,5522,998,,Texas
70808,"Sugar Land city, Texas",2015,30487,29712,775,30487,302,1789,6225,6646,10202,4010,599,347,97,2.66,29712,1958,8948,9947,4778,3463,23668,407,546,1675,3597,6214,7410,3326,493,288700,Texas
72176,"Temple city, Texas",2015,30865,27319,3546,30865,268,2831,5176,2959,5051,5167,3665,3660,1123,2.63,27319,4875,12229,4828,3116,1034,12697,936,2871,3487,2569,1807,644,383,0,,Texas
72656,"The Woodlands CDP, Texas",2015,43843,40446,3397,43843,436,1673,19669,10569,7022,3524,810,0,65,2.91,40446,3935,14834,15601,4457,1261,28692,243,519,2239,3123,5586,8159,7288,1535,347100,Texas
74144,"Tyler city, Texas",2015,42802,38326,4476,42802,297,1745,7316,4799,6329,7908,4473,6018,1628,2.33,38326,4902,15930,9911,3072,2077,19747,1354,4730,3628,3846,3237,2274,678,0,,Texas
75428,"Victoria city, Texas",2015,27463,24575,2888,27463,355,1064,1774,3852,5227,4493,3250,4488,1746,2.51,24575,2530,8888,6007,3079,1803,15381,1888,3495,3829,3023,2049,721,376,0,,Texas
76000,"Waco city, Texas",2015,53911,48448,5463,53911,224,2277,7927,4860,5068,13172,6345,9654,1594,2.32,48448,5623,23565,11068,2648,2598,23077,3367,7100,3564,4164,2688,1713,481,0,,Texas
79000,"Wichita Falls city, Texas",2015,43309,37173,6136,43309,59,522,4274,3938,5307,8102,5830,7122,4287,2.22,37173,3483,15516,9688,4165,2281,20677,3466,6433,5295,2053,1977,956,375,122,,Texas
1,United States,2016,135702775,118860065,16842710,135702775,1963125,3752105,19259257,18796349,18329178,20788826,14496540,14142755,6843600,2.53,118860065,22676353,33327504,30748964,15714679,7750730,75022569,5449804,9793661,10607419,10868207,14436085,13687633,7888270,2291490,,Texas
1000,"Abilene city, Texas",2016,50032,42424,7608,50032,497,1276,4018,3316,8775,7024,6094,10786,3648,2.71,42424,12773,12377,6529,4332,2481,22359,3041,7517,4042,4187,2464,645,313,150,,Texas
1924,"Allen city, Texas",2016,33523,33337,186,33523,2559,3641,12580,7599,4623,1858,301,362,0,2.44,33337,6344,9877,12022,4053,748,25051,247,502,1956,2995,7469,8310,3503,69,,Texas
3000,"Amarillo city, Texas",2016,84510,74687,9823,84510,476,3563,8741,5956,9463,12335,15664,17320,6442,2.46,74687,20166,23230,15813,6887,4010,44827,5094,11847,10748,7870,6138,1956,966,208,,Texas
4000,"Arlington city, Texas",2016,148637,135348,13289,148637,729,1995,20617,25946,43065,35089,11356,8082,1362,2.71,135348,29625,44741,34662,15370,6395,75088,2239,12031,20785,20919,13650,4176,1161,127,,Texas
4462,"Atascocita CDP, Texas",2016,24746,24309,437,24746,1009,1164,11839,4703,3588,2443,0,0,0,2.79,24309,5099,5321,10458,2503,720,19803,363,433,4972,5680,4869,2682,804,0,,Texas
5000,"Austin city, Texas",2016,405387,372327,33060,405387,15751,27606,75336,67546,82883,65020,30294,18788,10759,2.32,372327,103128,141475,73348,31003,12600,167132,2986,5926,10530,18623,42782,51052,29510,5723,,Texas
6128,"Baytown city, Texas",2016,27883,25195,2688,27883,689,1848,4406,1513,4090,4676,3479,3304,2723,2.58,25195,6864,7195,6187,2644,1291,13300,1709,4070,3737,2479,982,216,67,40,113500,Texas
7000,"Beaumont city, Texas",2016,52284,45642,6642,52284,468,4183,7426,5548,6539,9519,7357,6719,1664,2.48,45642,10904,13608,11072,4515,2171,23492,4338,6892,4584,3176,2378,1381,649,94,,Texas
10768,"Brownsville city, Texas",2016,55435,50289,5146,55435,1360,2077,13639,10167,9460,8487,4015,2823,1559,3.44,50289,7018,13488,15864,6617,3942,32141,6905,12011,6344,3527,2658,540,105,51,,Texas
10912,"Bryan city, Texas",2016,31825,29065,2760,31825,1052,796,6263,4534,7325,5714,1497,3009,1096,2.6,29065,9005,7972,5919,3470,1536,14440,1749,2763,3738,3607,1447,829,236,71,,Texas
13024,"Carrollton city, Texas",2016,50737,49099,1638,50737,1142,2580,6880,8095,17367,10690,2706,1031,44,2.5,49099,10390,15954,11738,6600,2930,28656,359,1029,4704,7160,9184,5148,958,114,,Texas
13552,"Cedar Park city, Texas",2016,23321,22188,1133,23321,2110,2775,7901,6536,2122,1393,291,74,0,2.69,22188,5908,8344,5455,1769,559,15536,514,94,626,2248,5159,5913,825,157,,Texas
15976,"College Station city, Texas",2016,45159,40098,5061,45159,2879,3461,10305,8316,8721,7895,2266,693,335,2.38,40098,19374,12253,5526,2161,493,13755,142,112,1274,3010,5121,3205,832,59,,Texas
16432,"Conroe city, Texas",2016,31715,29022,2693,31715,1249,2153,10172,4237,4596,6227,1248,1340,493,2.53,29022,8344,11659,5703,1516,983,14973,1486,2264,2156,3670,2111,2592,556,138,167900,Texas
17000,"Corpus Christi city, Texas",2016,132799,116916,15883,132799,4284,4768,15640,16549,18349,19333,16843,23963,8617,2.6,116916,29711,31833,26564,12490,7109,65987,5997,18689,13210,11923,10143,4231,1426,368,,Texas
19000,"Dallas city, Texas",2016,568951,514588,54363,568951,11215,18318,61103,53911,101243,101467,77891,80162,34009,2.34,514588,154374,167633,101224,43487,19995,209784,17020,47755,36542,18979,24261,32359,24220,8648,,Texas
19972,"Denton city, Texas",2016,50346,45320,5026,50346,1165,2395,12678,7897,9129,7160,5257,2224,1700,2.52,45320,16148,14550,9001,3257,1553,20338,899,1298,3252,5536,6577,2040,666,70,,Texas
22660,"Edinburg city, Texas",2016,28599,27010,1589,28599,617,1493,11701,4576,3805,3067,467,1515,1358,2.9,27010,5881,8587,7130,3170,1127,15513,2764,4534,3363,2272,2089,406,85,0,,Texas
24000,"El Paso city, Texas",2016,248159,225891,22268,248159,5668,16742,35733,34686,35882,40339,28378,29540,9465,2.83,225891,52034,57730,54731,28535,14848,130767,6009,34038,42906,23333,15970,5426,2438,647,,Texas
26232,"Flower Mound town, Texas",2016,23865,23493,372,23865,654,1092,5241,11852,3908,461,435,90,57,2.92,23493,4861,6499,7702,3965,381,20047,273,182,385,1623,5092,9173,3023,296,,Texas
27000,"Fort Worth city, Texas",2016,314469,287401,27068,314469,9604,17235,75605,31945,41177,31910,27707,37953,20615,2.75,287401,73864,93631,71140,26320,10309,164109,10670,37086,33598,31637,28276,16389,4773,1680,,Texas
27684,"Frisco city, Texas",2016,58816,55493,3323,58816,5570,9567,27254,12486,1981,1198,334,52,41,2.04,55493,14857,19966,17457,2662,461,41580,624,86,425,1354,10310,18983,8964,834,,Texas
29000,"Garland city, Texas",2016,80045,75219,4826,80045,620,1510,6771,5961,17080,23911,13528,8730,1453,3.14,75219,17013,22259,17992,9647,5004,44403,1195,8750,16735,9216,5306,3044,78,79,,Texas
29336,"Georgetown city, Texas",2016,26702,25235,1467,26702,2105,3250,8465,5775,2432,2014,699,294,1178,2.69,25235,6175,8968,6765,2542,435,18525,185,412,758,2612,8364,5586,461,147,,Texas
30464,"Grand Prairie city, Texas",2016,66443,61773,4670,66443,1345,2619,17273,11488,10604,11433,3829,4137,3298,2.69,61773,10028,21493,18112,6954,3134,38330,2312,7648,9314,8350,8194,2285,227,0,,Texas
32372,"Harlingen city, Texas",2016,26262,21872,4390,26262,158,469,5609,4153,4113,5007,2084,2974,994,2.94,21872,5761,6477,4882,2114,1021,11119,2413,4172,2076,1579,703,176,0,0,,Texas
35000,"Houston city, Texas",2016,964435,867915,96520,964435,22276,34525,132444,98423,126903,226421,129941,104566,47016,2.48,867915,238645,287879,178341,76383,36631,374439,20369,86045,66160,45106,50707,58793,34543,12716,163700,Texas
37000,"Irving city, Texas",2016,91529,85407,6122,91529,2927,3799,10477,17266,20182,11695,13009,10438,1298,2.55,85407,29915,27984,16167,5568,2125,32730,1574,4419,8982,6022,4642,5268,1610,213,,Texas
39148,"Killeen city, Texas",2016,61230,52417,8813,61230,2374,5706,16869,8715,10898,9148,4906,2038,443,2.75,52417,21449,15708,8581,3638,1727,22607,1238,6709,6838,4987,2099,513,76,147,,Texas
41464,"Laredo city, Texas",2016,76151,69849,6302,76151,2067,4029,19059,17803,10873,8505,5634,3461,2157,3.41,69849,11300,20217,19754,10906,3679,43955,5060,12679,9875,7907,5718,1990,643,83,,Texas
41980,"League City city, Texas",2016,36152,35193,959,36152,1521,2498,14581,8056,4671,2876,1000,483,0,2.17,35193,7220,12819,9420,4585,756,25437,132,329,2852,5578,9856,5995,695,0,227800,Texas
42508,"Lewisville city, Texas",2016,42460,39805,2655,42460,1370,2766,6272,12789,10405,5634,1833,825,110,2.4,39805,12894,12647,9002,3360,1061,17638,1286,681,3600,4286,6480,1151,154,0,,Texas
43888,"Longview city, Texas",2016,34833,30502,4331,34833,699,1515,2067,4573,5636,7258,5788,4471,2060,2.23,30502,9045,7438,6424,4256,1580,15964,1372,4403,4081,2936,1989,823,328,32,,Texas
45000,"Lubbock city, Texas",2016,104179,93891,10288,104179,2599,4278,13408,13469,13684,20450,17197,13374,3559,2.58,93891,28771,27969,16255,8852,6499,48831,5392,10032,12239,8768,7062,3786,1381,171,,Texas
45384,"McAllen city, Texas",2016,49066,44903,4163,49066,1059,1588,10188,9088,11422,9079,4085,1652,572,2.9,44903,8921,13561,12038,4612,2921,26862,2578,8410,6083,4921,3625,969,213,63,,Texas
45744,"McKinney city, Texas",2016,63362,59705,3657,63362,5340,7227,26946,14347,2532,2162,1802,1044,846,2.47,59705,15288,21878,17513,3586,578,40760,1241,1366,1228,4124,15155,14667,2926,53,,Texas
46452,"Mansfield city, Texas",2016,22031,21431,600,22031,1125,2158,9815,3138,2659,2247,218,432,131,2.53,21431,6544,5976,6827,1630,248,14257,259,405,1069,2746,5109,3964,705,0,,Texas
47892,"Mesquite city, Texas",2016,48810,46121,2689,48810,754,192,4691,8625,13881,6417,6807,6509,426,3.07,46121,11280,11572,12180,4779,3596,26275,981,7400,8765,6240,2343,355,149,42,,Texas
48072,"Midland city, Texas",2016,50138,46915,3223,50138,2920,2821,4464,8106,8196,5341,6776,8867,1928,2.44,46915,14462,13325,8816,4680,3146,27605,905,3152,4974,5103,7019,4496,1628,328,,Texas
48768,"Mission city, Texas",2016,28879,24318,4561,28879,782,1886,9597,5904,4369,4358,660,790,533,3.56,24318,6187,6510,7617,2107,646,14614,2547,4303,2319,1170,1930,1821,450,74,,Texas
48804,"Missouri City city, Texas",2016,25650,25169,481,25650,655,1547,4878,5773,5422,5453,1229,231,250,2.76,25169,3683,6914,8139,3381,1800,20305,291,1898,5124,3501,6538,2441,437,75,185700,Texas
50820,"New Braunfels city, Texas",2016,29482,25887,3595,29482,1903,3773,8215,4248,3544,2313,2084,1344,564,2.57,25887,7079,7635,6288,2535,763,16392,413,1186,1707,4457,5560,2383,607,79,,Texas
52356,"North Richland Hills city, Texas",2016,29115,27115,2000,29115,830,641,4093,4736,7536,6573,2753,1771,182,2.34,27115,6422,8326,5512,3775,2021,16143,251,1354,4354,2719,4115,3171,124,55,,Texas
53388,"Odessa city, Texas",2016,45912,40481,5431,45912,1424,2976,2640,4225,5042,7928,5071,14755,1590,2.31,40481,9529,11254,10011,5323,1577,24544,1866,4020,7208,5486,3694,1987,148,135,,Texas
56000,"Pasadena city, Texas",2016,52325,47930,4395,52325,0,822,5296,6304,7276,11261,7248,11264,2337,3,47930,12038,12920,12376,5610,2337,23558,1926,7426,6719,3081,2766,1240,107,293,115700,Texas
56348,"Pearland city, Texas",2016,41537,38606,2931,41537,2416,5677,14818,7973,4975,3367,1360,590,259,2.18,38606,8055,12818,11539,3716,1513,29934,1409,1313,2273,5240,14369,5033,269,28,231800,Texas
57200,"Pharr city, Texas",2016,23886,21501,2385,23886,496,1903,9535,4528,2625,2363,1195,630,408,3.7,21501,3239,7724,6357,1902,937,12250,2758,6064,2261,719,402,0,46,0,,Texas
58016,"Plano city, Texas",2016,111074,106062,5012,111074,2959,3888,15445,32849,33787,17588,3299,589,360,2.38,106062,25548,30913,28432,14710,4966,65493,923,552,4205,7912,21316,23000,6658,927,,Texas
61796,"Richardson city, Texas",2016,43992,43095,897,43992,1867,1498,4643,6621,6600,11266,7431,3542,317,2.55,43095,11981,11532,8817,5206,3219,24649,446,410,2209,4526,9208,7006,608,236,,Texas
63500,"Round Rock city, Texas",2016,41261,37060,4201,41261,2140,1639,15542,8157,7864,4753,185,585,263,3.1,37060,10693,10441,10929,3052,960,21910,540,645,3278,3219,8681,4747,759,41,,Texas
64472,"San Angelo city, Texas",2016,41416,37703,3713,41416,587,1222,2750,3178,7067,7977,7596,6624,1717,2.47,37703,8663,14029,7283,3158,2121,21601,2613,5365,4343,4002,3727,1413,138,0,,Texas
65000,"San Antonio city, Texas",2016,544975,498154,46821,544975,12677,22500,89825,73028,88905,83732,53869,56713,34722,2.71,498154,120832,140191,116205,56097,28773,267058,19541,73547,56798,45567,40964,22420,6345,1876,,Texas
70808,"Sugar Land city, Texas",2016,30140,28690,1450,30140,1179,1895,6098,5452,9363,5213,257,253,227,2.44,28690,4579,7579,9668,4181,1863,23207,348,42,1032,3134,5832,7413,4944,462,325200,Texas
72176,"Temple city, Texas",2016,32334,27942,4392,32334,582,1694,6233,4147,5528,4127,3245,3430,1380,2.41,27942,7191,8071,7544,2014,1278,15429,1535,3556,3942,3717,1556,996,73,54,,Texas
72656,"The Woodlands CDP, Texas",2016,43760,39942,3818,43760,995,4550,11948,14592,8294,3227,78,0,76,2.5,39942,9045,12598,11084,5459,1655,27307,153,512,1647,2709,6187,8523,5756,1820,339500,Texas
74144,"Tyler city, Texas",2016,43363,36812,6551,43363,390,1184,7731,6723,5406,5160,4621,7262,2080,2.66,36812,11847,11058,7767,3061,1096,18437,1351,3466,4050,2905,3131,2954,448,132,,Texas
75428,"Victoria city, Texas",2016,26537,23191,3346,26537,1939,448,1992,3013,3518,6117,3756,3560,853,3.05,23191,5919,6589,4715,2394,2000,12382,1897,2425,3480,2145,1744,497,170,24,,Texas
76000,"Waco city, Texas",2016,55801,47966,7835,55801,1057,1713,7656,4022,5416,11637,7045,9771,3344,2.55,47966,14651,15818,9688,3918,1360,22216,2226,7612,5485,2492,2477,1035,621,268,,Texas
79000,"Wichita Falls city, Texas",2016,43696,38585,5111,43696,207,1222,3963,3791,6012,5706,7986,8569,2087,2.07,38585,12406,10289,8279,3484,2088,20135,3277,7163,4520,1940,2173,818,167,77,,Texas
1,United States,2017,137407308,120062818,17344490,137407308,3391424,3816768,19150504,18949921,18367190,20772881,14555483,14151991,6762745,2.51,120062818,33950508,26870189,28579991,15014458,7440916,76684018,5279421,9165189,10209078,10795829,15064151,14803783,8771786,2594781,,Texas
1000,"Abilene city, Texas",2017,48809,42828,5981,48809,1233,1864,5095,3525,6617,7821,5928,10302,3323,2.41,42828,16872,9403,7118,4449,2535,24859,3793,6981,5551,3242,3509,1077,521,185,,Texas
1924,"Allen city, Texas",2017,35629,33446,2183,35629,2373,2675,12231,10444,5115,1954,371,118,296,2.53,33446,9496,7228,11077,4594,301,25731,89,148,1138,1862,8158,10094,4143,99,,Texas
3000,"Amarillo city, Texas",2017,85201,76092,9109,85201,1796,2671,8913,5706,8834,13806,14492,17159,7191,2.5,76092,27525,16809,15502,7958,3459,45721,4741,11842,9855,7098,6759,3772,967,687,,Texas
4000,"Arlington city, Texas",2017,145857,131485,14372,145857,854,1652,20483,26488,42702,29148,10987,10808,1739,2.73,131485,42063,29898,32426,13200,8287,73066,1955,7368,18412,21724,16460,6228,802,117,,Texas
4462,"Atascocita CDP, Texas",2017,26675,25319,1356,26675,1721,2950,8526,6066,4270,3142,0,0,0,3.57,25319,6374,7403,8301,1845,858,21695,174,200,3203,6570,7383,3677,431,57,,Texas
5000,"Austin city, Texas",2017,417939,376509,41430,417939,31940,24702,69070,65827,82538,67749,31210,23053,10867,2.29,376509,167045,94039,65138,28016,12166,169291,3798,2661,8301,15653,43294,56239,31926,7419,,Texas
6128,"Baytown city, Texas",2017,30256,27188,3068,30256,758,540,5927,4088,5022,3583,3549,3288,2768,2.54,27188,9392,5900,6024,3526,1074,16166,1769,3574,4525,2657,2663,725,253,0,126600,Texas
7000,"Beaumont city, Texas",2017,51998,44960,7038,51998,1180,2260,9125,4386,5447,8373,10943,6072,1670,2.25,44960,13875,10975,11339,3759,2098,16439,1029,1460,1969,4054,4014,3342,571,0,196800,Texas
10768,"Brownsville city, Texas",2017,58048,52138,5910,58048,2449,2903,13286,11896,9507,8457,3720,3364,1446,3.3,52138,13712,11710,14054,6190,3351,358277,17785,69287,67340,43779,52542,57439,36716,13389,173600,Texas
10912,"Bryan city, Texas",2017,34480,30998,3482,34480,984,2471,5977,6485,3930,6439,2638,2875,1470,2.36,30998,12901,5213,6654,3426,2038,26921,471,471,2037,5216,9943,7252,1480,51,253400,Texas
13024,"Carrollton city, Texas",2017,48957,47064,1893,48957,1686,1880,6943,7753,17659,10111,2118,440,122,2.73,47064,15399,11611,11836,5154,2221,19534,235,940,5818,2950,5072,2812,1389,318,195500,Texas
13552,"Cedar Park city, Texas",2017,24026,22376,1650,24026,2674,3348,8846,5521,2209,781,139,99,409,2.81,22376,8110,6445,5939,1334,419,25534,2847,7009,5882,4458,3867,1291,134,46,122900,Texas
15976,"College Station city, Texas",2017,43850,38829,5021,43850,2816,4639,10478,9427,7446,6387,1455,754,270,2.57,38829,22981,7018,5865,1795,426,31840,153,348,3948,4736,14131,7425,1099,0,251400,Texas
16432,"Conroe city, Texas",2017,32250,29297,2953,32250,3876,2867,8035,4235,4346,6059,1643,848,305,2.68,29297,11952,6888,6638,2434,693,16439,1029,1460,1969,4054,4014,3342,571,0,196800,Texas
17000,"Corpus Christi city, Texas",2017,131980,115797,16183,131980,6783,5439,15857,13562,20459,20385,16974,20831,8824,2.52,115797,37579,27764,23027,12154,7578,31973,188,224,750,2496,7477,11780,6991,2067,366200,Texas
19000,"Dallas city, Texas",2017,573667,513084,60583,573667,20263,19016,57232,55371,103683,104071,78658,74523,30128,2.4,513084,219656,118629,87673,43229,18279,202101,12432,38800,30286,22991,24385,37997,26622,8588,,Texas
19972,"Denton city, Texas",2017,52329,49287,3042,52329,2626,3072,11961,9112,8799,6685,5757,2244,1245,2.31,49287,21080,11975,10269,3399,1654,23736,1464,1205,2798,4067,9003,4257,723,219,,Texas
22660,"Edinburg city, Texas",2017,28063,26185,1878,28063,682,1046,9874,6401,3308,4163,976,786,574,3.11,26185,7767,7365,5715,3010,1404,13896,2470,3561,2859,2416,2012,362,216,0,,Texas
24000,"El Paso city, Texas",2017,252969,229156,23813,252969,11862,14653,36498,36061,34261,44432,24870,26672,10809,2.71,229156,71732,46960,51377,27920,12774,134920,5485,35152,43344,24221,19054,5455,1953,256,,Texas
26232,"Flower Mound town, Texas",2017,26616,25597,1019,26616,1995,714,4798,13217,4799,708,215,55,70,2.9,25597,5995,6054,7440,5230,878,22757,386,122,186,736,5521,11071,4464,271,,Texas
27000,"Fort Worth city, Texas",2017,329779,299593,30186,329779,14028,20947,77258,38353,42661,33742,28096,37492,17237,2.6,299593,108188,73970,72571,22987,9777,169775,9870,30661,28643,34002,38889,20502,5973,1235,,Texas
27684,"Frisco city, Texas",2017,62911,58409,4502,62911,10040,10222,25481,13062,1763,466,389,259,606,2.4,58409,21381,17087,16290,3570,37,42259,495,100,580,1035,6445,21884,10839,881,,Texas
29000,"Garland city, Texas",2017,80940,77072,3868,80940,1937,968,5692,6712,17613,27570,11238,7726,1287,3.05,77072,21137,17122,18075,12514,3670,48622,742,5500,14205,14365,9670,3023,876,241,,Texas
29336,"Georgetown city, Texas",2017,27525,26361,1164,27525,2393,2569,10114,6218,3083,1656,52,461,792,2.96,26361,8053,7753,7264,2705,370,18489,356,91,939,1658,8044,6109,1213,79,,Texas
30464,"Grand Prairie city, Texas",2017,66054,60843,5211,66054,2183,1575,15507,10608,11776,9983,5387,5945,2669,2.83,60843,19214,11886,17307,8055,1950,38663,1721,6523,8321,9458,7763,4159,494,224,,Texas
32372,"Harlingen city, Texas",2017,22839,19945,2894,22839,817,225,3319,2535,5365,3866,2580,3044,1016,3.5,19945,6330,3730,5246,1941,876,10859,2325,3755,2385,1297,756,285,56,0,,Texas
35000,"Houston city, Texas",2017,958421,837686,120735,958421,42139,39846,121304,91920,156559,192206,129621,100770,43620,2.57,837686,340106,200094,148336,68429,36744,358277,17785,69287,67340,43779,52542,57439,36716,13389,173600,Texas
37000,"Irving city, Texas",2017,89292,84371,4921,89292,4930,3568,10433,14058,21290,12702,11057,9070,1085,2.65,84371,38081,21848,14540,4407,2996,31985,1987,2478,7367,5575,5087,6741,2369,381,,Texas
39148,"Killeen city, Texas",2017,61000,53350,7650,61000,2591,5016,17026,9405,8477,9411,5299,3154,445,2.68,53350,26932,10400,9429,3697,1702,23417,1698,5766,8077,4883,2505,364,124,0,,Texas
41464,"Laredo city, Texas",2017,78073,70522,7551,78073,4573,4109,16815,16583,11723,8632,5636,5117,2165,3.51,70522,19334,14616,19563,8771,4049,42635,4354,9940,9741,9788,5500,2486,731,95,,Texas
41980,"League City city, Texas",2017,37654,35854,1800,37654,2881,4157,12778,6809,5332,3450,1563,330,0,2.21,35854,12718,9431,10562,1529,1234,26921,471,471,2037,5216,9943,7252,1480,51,253400,Texas
42508,"Lewisville city, Texas",2017,43056,39357,3699,43056,2201,2402,8609,13016,9030,4303,1896,946,262,2.55,39357,19177,10351,6290,2237,682,15716,993,542,1309,3247,7272,2093,260,0,,Texas
43888,"Longview city, Texas",2017,34417,29620,4797,34417,806,457,2722,4006,6550,7310,5089,4003,1625,2.54,29620,10436,6566,5580,3796,1232,16417,1853,3120,3538,3575,3275,786,270,0,,Texas
45000,"Lubbock city, Texas",2017,107222,94480,12742,107222,3129,5270,16285,12208,15684,17295,15725,13929,4996,2.35,94480,41243,19205,17286,8679,3400,46992,5442,9039,12301,7989,7206,3830,929,256,,Texas
45384,"McAllen city, Texas",2017,54480,46598,7882,54480,1783,3800,12281,10769,10518,8411,3121,1527,1392,2.85,46598,12030,12564,11469,5222,2931,27601,1833,6943,8148,4489,3885,1327,918,58,,Texas
45744,"McKinney city, Texas",2017,64403,61833,2570,64403,7060,6942,28873,11159,3091,1442,2379,938,966,2.61,61833,25541,17409,14841,2729,791,39616,643,983,1232,1139,13743,17744,3774,358,,Texas
46452,"Mansfield city, Texas",2017,24279,22679,1600,24279,1993,2445,9762,4635,2604,915,423,756,556,2.39,22679,6259,4603,7394,3032,1071,17346,239,422,1165,3592,6474,4694,707,53,,Texas
47892,"Mesquite city, Texas",2017,48419,44948,3471,48419,554,340,4146,8265,14080,8111,6802,5475,461,2.8,44948,13610,10360,10186,6078,2665,27274,774,5122,9240,8956,2900,128,154,0,,Texas
48072,"Midland city, Texas",2017,52141,48729,3412,52141,2865,2589,3528,9667,8980,6647,6650,9719,870,2.31,48729,17426,10365,11146,4904,2063,32507,2291,2826,4331,6281,9565,4760,2251,202,,Texas
48768,"Mission city, Texas",2017,30123,25857,4266,30123,659,1748,12870,5629,3155,4409,823,219,174,3.35,25857,6443,5825,8264,2993,1541,17700,3439,4978,3960,1884,1756,1185,348,150,,Texas
48804,"Missouri City city, Texas",2017,24970,23948,1022,24970,1293,1214,4737,5522,4969,6857,378,0,0,3.37,23948,4565,5432,7475,3926,1937,19534,235,940,5818,2950,5072,2812,1389,318,195500,Texas
50820,"New Braunfels city, Texas",2017,32886,29931,2955,32886,3446,3066,8214,4925,4502,2618,2399,1212,1044,2.76,29931,13549,5791,6693,2042,730,18847,408,984,1667,4845,7176,3049,339,379,,Texas
52356,"North Richland Hills city, Texas",2017,28799,27650,1149,28799,691,1250,4708,5065,6080,5989,3145,1812,59,2.12,27650,8555,6041,7632,2890,1354,17966,417,1427,2810,4364,5189,3203,556,0,,Texas
53388,"Odessa city, Texas",2017,44340,39400,4940,44340,1772,3284,1706,3854,5472,8841,4311,12697,1746,2.66,39400,15582,7560,7598,4161,1750,23314,1346,4116,5084,5497,5569,1507,155,40,,Texas
56000,"Pasadena city, Texas",2017,52211,47532,4679,52211,276,514,5056,6296,8365,11233,7275,9150,3228,3.03,47532,15175,10224,11816,6255,2072,25534,2847,7009,5882,4458,3867,1291,134,46,122900,Texas
56348,"Pearland city, Texas",2017,45356,42672,2684,45356,4799,6169,15122,8429,4491,3564,1980,203,491,2.13,42672,15246,9992,12696,2775,1097,31840,153,348,3948,4736,14131,7425,1099,0,251400,Texas
57200,"Pharr city, Texas",2017,25785,22897,2888,25785,815,1638,6962,5230,4298,2591,1717,709,1377,3.32,22897,5275,6113,5508,2184,2444,13769,4558,3943,4394,656,172,46,0,0,,Texas
58016,"Plano city, Texas",2017,113234,106078,7156,113234,2818,2898,15270,36601,34505,16532,3496,781,217,2.44,106078,38430,21590,24450,14405,4491,62917,808,633,2760,4957,17237,27893,7247,1382,,Texas
61796,"Richardson city, Texas",2017,47306,43017,4289,47306,2452,1958,3994,7272,6373,13215,7462,4208,298,2.58,43017,15222,10147,7570,5056,2575,24536,313,835,1936,3345,9037,7576,1222,272,,Texas
63500,"Round Rock city, Texas",2017,41337,38368,2969,41337,2716,2401,14216,10083,7424,2973,980,267,248,2.73,38368,14374,8309,11435,2921,840,23860,0,0,2470,3537,8083,9165,492,113,,Texas
64472,"San Angelo city, Texas",2017,40865,35383,5482,40865,1739,1115,3488,3957,4903,7908,7028,6679,1284,2.4,35383,14161,5646,6997,4424,1413,21372,2568,4253,4898,4641,3326,1310,262,114,,Texas
65000,"San Antonio city, Texas",2017,552520,501645,50875,552520,26309,17628,83914,78634,90894,84190,53229,52529,32015,2.66,501645,173065,106510,103223,56891,25661,274970,17749,69508,51800,51411,50600,25873,6535,1494,,Texas
70808,"Sugar Land city, Texas",2017,31472,29065,2407,31472,2056,1189,6201,7506,9960,3314,740,326,131,2.68,29065,6265,5756,9515,4226,2531,22363,295,70,656,2303,6202,8640,3700,497,332900,Texas
72176,"Temple city, Texas",2017,30721,27395,3326,30721,1063,3206,5096,3787,4215,4836,2692,2867,565,2.72,27395,10201,7544,4224,2721,685,14612,950,3303,4225,3758,1723,567,86,0,,Texas
72656,"The Woodlands CDP, Texas",2017,46023,42621,3402,46023,1161,3878,14727,15502,7415,2855,93,392,0,2.48,42621,11716,11966,11688,5811,1263,31973,188,224,750,2496,7477,11780,6991,2067,366200,Texas
74144,"Tyler city, Texas",2017,42659,36030,6629,42659,1501,2083,5243,5566,4824,6755,5951,6173,3005,2.73,36030,12009,9059,8582,3562,859,20331,1527,3664,4703,3738,2406,2666,1419,208,,Texas
75428,"Victoria city, Texas",2017,27173,23876,3297,27173,2023,894,1609,3696,3505,4518,3827,4186,1686,2.68,23876,8977,4908,4244,2643,986,13915,2079,2399,2770,2762,2498,1059,299,49,,Texas
76000,"Waco city, Texas",2017,55598,49706,5892,55598,3266,2222,6468,5233,5311,9515,6681,10305,2816,2.24,49706,21888,11425,8703,3573,2022,22047,3066,6510,3981,2923,2897,2032,512,126,,Texas
79000,"Wichita Falls city, Texas",2017,43939,37535,6404,43939,116,444,2841,3410,5066,7219,6947,9131,4695,2.21,37535,15386,5684,7545,4168,1525,20570,2872,7146,5252,2273,2421,483,123,0,,Texas
1,United States,2018,138539906,121520180,17019726,138539906,4785640,3715688,18731885,19140568,18520320,20991871,14574442,14111092,6679375,2.48,121520180,22831475,19803199,22617626,26672883,14504987,77708394,5137750,8621352,9576933,10549229,15496144,15852636,9563467,2910883,,Texas
1924,"Allen city, Texas",2018,38445,35783,2662,38445,2669,4585,12801,9526,5236,3412,85,131,0,2.54,35783,6930,6478,6014,11369,4001,26221,66,834,711,1656,7791,10460,4416,287,,Texas
10768,"Brownsville city, Texas",2018,56654,51334,5320,56654,2889,3906,13392,10741,8519,10237,2607,2023,1244,3.46,51334,7468,8459,10211,14335,5740,30899,4957,13431,6662,2831,2225,534,198,61,,Texas
27000,"Fort Worth city, Texas",2018,337072,308188,28884,337072,18401,16368,81602,39148,44260,34787,25687,40594,16154,2.6,308188,77694,59133,56695,66831,25921,173864,8866,26064,26360,32017,48171,23652,7184,1550,,Texas
29336,"Georgetown city, Texas",2018,29347,28062,1285,29347,3493,2703,9877,7049,2807,1523,457,747,0,2.55,28062,6031,5759,7259,6412,1793,20964,245,244,557,1669,9348,7533,1368,0,,Texas
48072,"Midland city, Texas",2018,51373,47827,3546,51373,5351,2922,4793,7229,8592,6011,4380,9608,1620,2.49,47827,13580,6977,9753,8661,4365,30093,1571,2123,3737,4959,9070,5776,2594,263,,Texas
70808,"Sugar Land city, Texas",2018,40684,39378,1306,40684,1091,1752,7357,12541,11458,5011,628,274,58,2.61,39378,5436,4446,6800,11504,8046,32629,280,348,1207,2437,9395,13958,4159,845,329800,Texas
76000,"Waco city, Texas",2018,53946,48032,5914,53946,3043,1571,7827,2766,5574,9910,7623,8958,3561,2.52,48032,14595,9935,7681,8996,3535,20651,1242,5979,4047,2640,3608,1839,947,349,248000,Texas
1000,"Abilene city, Texas",2018,49732,42752,6980,49732,1625,1341,4323,4944,7248,5772,5388,11282,4980,2.55,42752,12308,7379,7839,6778,3759,22492,2911,6136,5326,3371,3306,1269,115,58,130500,Texas
17000,"Corpus Christi city, Texas",2018,132153,116456,15697,132153,9351,4220,15511,9815,21145,23154,14301,23896,7844,2.53,116456,31160,19320,17830,22376,10232,65603,4012,14938,15113,13217,11400,4575,2057,291,,Texas
19000,"Dallas city, Texas",2018,590607,521198,69409,590607,30782,17051,60914,66794,95128,103858,76933,77679,29174,2.37,521198,154664,104490,93856,82359,44508,209766,12053,33437,31721,24742,27524,38672,30337,11280,,Texas
26232,"Flower Mound town, Texas",2018,25961,25256,705,25961,2539,1308,4495,11040,4328,1443,430,235,0,2.68,25256,4279,4408,5046,6664,3834,21794,274,127,511,386,3258,11689,4919,630,,Texas
41980,"League City city, Texas",2018,40046,37234,2812,40046,4132,2527,12702,6979,8156,3101,1424,897,0,2.38,37234,9401,5133,7046,10432,2952,26929,747,730,2601,3598,11272,6728,1050,203,248000,Texas
52356,"North Richland Hills city, Texas",2018,27548,26130,1418,27548,645,1221,4028,5054,6546,5257,2666,1791,165,2.55,26130,6110,4405,5379,5170,3220,15494,314,228,1806,3427,5218,3779,614,108,,Texas
53388,"Odessa city, Texas",2018,45632,42819,2813,45632,2262,2536,5467,3660,6074,6999,5475,9765,2745,2.63,42819,11398,5560,7885,9153,5065,25407,1422,4557,5463,4991,5458,2115,1401,0,,Texas
63500,"Round Rock city, Texas",2018,44961,40854,4107,44961,7608,1819,13932,9518,6050,4804,418,393,182,3.03,40854,11740,7820,8077,8355,3051,24097,426,32,1095,3991,8784,8242,1469,58,,Texas
64472,"San Angelo city, Texas",2018,41981,37432,4549,41981,1045,699,3887,3867,6218,8091,5285,8976,1818,2.51,37432,8775,7053,6106,6697,4289,22280,2877,4880,3307,4878,4235,1088,953,62,,Texas
4000,"Arlington city, Texas",2018,145021,135867,9154,145021,2453,2114,17333,21526,45090,32196,12841,9126,1059,2.65,135867,31560,26728,24160,26231,15362,74122,1619,5791,14058,20233,23508,7606,1099,208,,Texas
6128,"Baytown city, Texas",2018,31056,27351,3705,31056,1837,821,5423,2946,3322,6067,3788,2507,2737,2.6,27351,6571,4230,5014,6259,2120,15637,1576,4018,4174,3275,2081,465,48,0,130500,Texas
13552,"Cedar Park city, Texas",2018,25880,24767,1113,25880,3146,3161,10351,5728,2034,634,625,0,52,2.59,24767,6840,5458,4841,5664,1461,15580,273,120,50,1184,5490,6379,1746,338,,Texas
15976,"College Station city, Texas",2018,49779,41868,7911,49779,5280,4886,10684,10221,6145,9533,1208,1135,90,2.4,41868,16164,10702,6583,4811,2828,15424,362,0,694,2376,5685,4631,1437,239,,Texas
16432,"Conroe city, Texas",2018,37418,33852,3566,37418,4685,3096,10340,5450,5398,5379,1277,1450,152,2.24,33852,10416,6164,8584,5916,1735,17603,1252,2269,2144,3361,3564,3762,1178,73,196200,Texas
19972,"Denton city, Texas",2018,55701,48769,6932,55701,3672,3760,12183,8755,9399,8475,4625,2560,1383,2.52,48769,16301,9959,8909,10422,1206,22845,996,536,1217,3789,9950,5445,723,189,,Texas
22660,"Edinburg city, Texas",2018,31590,28003,3587,31590,2692,2773,11004,6428,3037,1884,2147,1186,149,3.16,28003,4657,5088,6779,6394,2729,16240,2063,3844,3848,3522,2154,493,182,134,,Texas
27684,"Frisco city, Texas",2018,68947,63562,5385,68947,14544,7820,29210,13507,2158,703,125,583,33,2.26,63562,14779,14193,14851,17152,2381,44896,184,170,285,661,5301,23405,13828,1062,,Texas
42508,"Lewisville city, Texas",2018,43121,38738,4383,43121,3223,1943,7970,13198,9433,4788,1366,732,186,2.53,38738,12035,8826,5736,6840,3894,15973,938,250,1464,2477,7663,3103,12,66,,Texas
45000,"Lubbock city, Texas",2018,109673,97457,12216,109673,7658,4279,17197,13621,14679,20126,11761,12729,4903,2.36,97457,31085,20113,13377,17471,6909,51213,4026,10447,12016,9815,8570,4754,1432,153,,Texas
57200,"Pharr city, Texas",2018,24899,20861,4038,24899,1997,1253,8107,6137,2500,2625,1014,541,450,3.56,20861,2710,4243,4319,5167,2145,12398,2776,5244,2374,1445,443,0,116,0,,Texas
35000,"Houston city, Texas",2018,976745,849105,127640,976745,60667,40856,131476,97249,134987,193413,128377,99878,46976,2.54,849105,236465,173319,155440,144173,71000,355592,17954,62262,62868,51277,54165,55504,37931,13631,179100,Texas
37000,"Irving city, Texas",2018,92427,85295,7132,92427,3731,4616,10428,17608,20050,13351,12423,7865,1443,2.66,85295,30869,17347,16205,12285,5323,26684,909,1531,4853,5999,5379,5652,2189,172,,Texas
47892,"Mesquite city, Texas",2018,50279,47591,2688,50279,627,681,5135,6156,14186,9100,6822,6336,789,2.94,47591,9662,7699,9531,11590,4444,26534,660,3929,7530,7961,5321,945,145,43,,Texas
48768,"Mission city, Texas",2018,29643,24385,5258,29643,1994,1382,8486,6291,5269,2456,2232,583,848,3.51,24385,4009,5000,4626,5421,2619,16784,2571,5460,3514,2639,1641,634,325,0,,Texas
75428,"Victoria city, Texas",2018,27425,23878,3547,27425,1225,734,2563,2614,4301,5802,2404,5259,1636,2.37,23878,6141,3503,3102,5380,2440,14644,1272,2928,3786,3282,2262,1031,83,0,,Texas
4462,"Atascocita CDP, Texas",2018,26498,25094,1404,26498,2704,2005,9628,6280,3670,2029,0,132,0,3.43,25094,5080,4413,5724,6578,2414,20140,283,202,2192,6619,7982,2605,257,0,,Texas
5000,"Austin city, Texas",2018,425076,390395,34681,425076,36769,25110,74120,59816,86359,68109,33639,20317,8712,2.23,390395,126843,81433,67438,60825,30684,175016,3698,2505,4814,10443,40882,63248,40612,8814,,Texas
10912,"Bryan city, Texas",2018,32709,29701,3008,32709,2490,1901,4365,3979,4835,6727,3650,2686,1019,2.3,29701,8951,6000,6016,4902,1900,13358,1442,2523,1981,2944,2928,1062,327,151,,Texas
39148,"Killeen city, Texas",2018,59877,52186,7691,59877,4481,4104,13043,11360,9432,9506,4415,2594,635,2.79,52186,20503,12200,6064,7090,3884,22549,788,6035,7151,4366,3236,666,276,31,,Texas
50820,"New Braunfels city, Texas",2018,33688,29781,3907,33688,6239,3639,6898,4351,4141,3912,1031,1416,756,2.33,29781,6404,7405,6588,5781,2142,18945,973,697,1374,2863,7995,4491,552,0,,Texas
74144,"Tyler city, Texas",2018,41820,35597,6223,41820,1232,2703,4639,6927,6115,5649,4682,5530,2176,2.54,35597,8757,8418,5260,6819,3506,17806,871,2570,3468,4024,3157,2664,763,289,,Texas
79000,"Wichita Falls city, Texas",2018,41977,35436,6541,41977,596,1047,3228,3897,4758,7021,6430,6700,3683,2.43,35436,9567,6203,5648,6661,2969,20399,3234,7384,3753,2723,2627,458,220,0,,Texas
32372,"Harlingen city, Texas",2018,25591,21504,4087,25591,540,407,4214,3356,6222,3410,2387,3358,1142,2.88,21504,4276,3138,4159,4696,2315,12930,3190,4603,2699,1651,374,336,0,77,,Texas
61796,"Richardson city, Texas",2018,47700,43922,3778,47700,3916,2176,4242,6546,5299,12842,8219,3839,343,2.61,43922,12546,6596,6845,8434,3992,24637,200,74,699,1712,8254,11418,1753,527,,Texas
3000,"Amarillo city, Texas",2018,85163,77403,7760,85163,3195,2666,8532,8011,7669,13417,11244,18275,6205,2.29,77403,20445,13636,13651,14135,8023,45691,4992,10444,9930,8939,7384,2919,970,113,,Texas
13024,"Carrollton city, Texas",2018,50756,49232,1524,50756,3153,2009,4248,9003,16175,10884,3695,1237,0,2.57,49232,9263,9820,9845,10292,6278,28742,565,314,1199,4476,10914,9439,1648,187,,Texas
29000,"Garland city, Texas",2018,77626,74489,3137,77626,1891,918,6887,6599,14419,25800,12533,7049,1195,3.03,74489,15813,10004,11686,18870,9401,47367,744,3435,10508,14878,12799,4328,496,179,,Texas
41464,"Laredo city, Texas",2018,78601,71160,7441,78601,4503,3686,18138,17412,8861,11260,4766,4402,3287,3.33,71160,11745,10946,11928,18807,8952,42499,3521,10954,11409,7469,5916,2307,923,0,,Texas
43888,"Longview city, Texas",2018,35037,30554,4483,35037,1462,581,4173,3463,5158,7833,4843,4786,1417,2.16,30554,7869,7068,4670,5419,2286,15549,2019,2664,3426,3594,2418,1190,238,0,,Texas
45744,"McKinney city, Texas",2018,68525,63889,4636,68525,12284,7350,27697,11233,4222,1356,1505,798,991,2.7,63889,20177,12562,13023,13944,3361,42687,968,332,1208,1838,12992,20621,4373,355,,Texas
46452,"Mansfield city, Texas",2018,23203,22719,484,23203,1747,1042,10756,3771,3443,1367,633,235,28,3.12,22719,5234,3316,4038,7489,1477,17831,576,244,1095,2706,6027,6466,585,132,,Texas
48804,"Missouri City city, Texas",2018,26023,24522,1501,26023,2377,468,5895,6533,3813,5444,631,770,92,2.9,24522,3074,4089,4796,6247,4437,18906,381,755,2633,3965,5965,4167,816,224,226100,Texas
72176,"Temple city, Texas",2018,31729,28805,2924,31729,2296,2559,5164,3680,4454,4930,3676,2793,970,2.46,28805,8433,5864,4293,5251,2626,16386,925,2864,4156,4278,3233,671,129,130,,Texas
7000,"Beaumont city, Texas",2018,50621,44288,6333,50621,970,1719,5776,5749,5958,9925,8370,7702,2237,2.28,44288,9623,6657,9467,8983,4100,24233,3645,6731,4378,3982,2682,2077,604,134,,Texas
24000,"El Paso city, Texas",2018,252256,227506,24750,252256,10696,15787,39034,34428,33896,41146,24339,29369,12266,2.71,227506,53668,34739,33470,46700,26030,132531,6848,33022,40404,27235,16578,6344,1895,205,,Texas
30464,"Grand Prairie city, Texas",2018,66350,62349,4001,66350,3828,3353,12395,8996,14137,10800,4473,5705,2497,2.75,62349,11540,13933,10165,14739,6482,37047,1396,5230,6219,9933,9105,4340,524,300,,Texas
45384,"McAllen city, Texas",2018,50698,43937,6761,50698,1619,3216,10882,10330,9133,9210,2653,2608,795,3.01,43937,8154,6415,8576,13219,3828,26684,2500,5833,8127,5515,2954,1234,181,340,,Texas
56000,"Pasadena city, Texas",2018,52392,46703,5689,52392,1669,784,4386,5705,7978,9290,8446,10676,2627,3.17,46703,11483,7336,8270,10592,4382,24832,2270,4397,8357,3837,3351,2064,341,215,132100,Texas
56348,"Pearland city, Texas",2018,45490,42409,3081,45490,5617,4540,15077,10668,3997,3264,2021,306,0,2.16,42409,9863,8137,8773,9440,4476,29789,878,1012,1632,4821,12159,8487,800,0,259300,Texas
58016,"Plano city, Texas",2018,110239,102778,7461,110239,6278,3015,14405,36101,29323,15779,3971,651,302,2.53,102778,24997,16915,18719,22745,13705,59404,793,491,886,4172,16317,26966,8812,967,,Texas
63572,"Rowlett city, Texas",2018,22329,21477,852,22329,2118,175,4126,5975,7216,1902,348,363,51,3.59,21477,4907,3607,2311,6168,3216,18171,124,257,1519,2615,8667,4664,228,97,,Texas
65000,"San Antonio city, Texas",2018,556760,509964,46796,556760,32512,19686,85452,74633,87988,82212,58443,56300,29582,2.6,509964,129261,93268,81475,96563,50117,270407,16903,60326,51544,50484,50593,31450,7648,1459,,Texas
72656,"The Woodlands CDP, Texas",2018,43349,40491,2858,43349,2484,3474,13737,12828,7448,3201,136,0,0,2.28,40491,8083,7811,9165,10683,4057,29403,607,0,552,1787,5507,11111,7495,2344,382100,Texas
1,United States,2019,138539906,121520180,17019726,138539906,4785640,3715688,18731885,19140568,18520320,20991871,14574442,14111092,6679375,2.48,121520180,22831475,19803199,22617626,26672883,14504987,1322750,77708394,5137750,8621352,9576933,10549229,15496144,15852636,9563467,2910883,Texas
77546,"Friendswood, Texas",2012,16747,15975,772,16747,1157,2902,3866,3512,4142,1016,75,32,45,6072,4071,3550,3550,1228,907,147,13322,258,594,3741,2938,3048,2240,416,87,180400,Texas
77546,"Friendswood, Texas",2013,128,107,78,67,59,344,216,100,190,150,148,243,72,,478,8,8,179,239,236,13271,327,637,3559,2886,2813,2476,437,136,184000,Texas
77546,"Friendswood, Texas",2014,81,16,39,58,244,242,430,485,216,429,447,332,0.08,,44,94,94,429,444,97,13759,324,700,3579,2921,2907,2681,481,166,184300,Texas
77546,"Friendswood, Texas",2015,17935,17294,641,17935,14,617,4318,3804,3389,3990,1608,148,21,17294,81,4542,4542,7829,2878,1006,13695,411,601,3600,2804,2693,2761,637,188,184500,Texas
77546,"Friendswood, Texas",2016,17980,17357,623,17980,134,802,4026,3986,3376,3948,1545,139,16,17357,640,5010,5010,6823,2900,1103,13663,349,591,2944,2813,2711,3226,878,151,204600,Texas
77546,"Friendswood, Texas",2017,18331,17615,716,18331,276,1055,3765,4137,3465,4097,1394,120,14,17615,1504,5221,5221,6067,2822,1126,13884,280,475,2690,2891,2961,3292,1126,169,220000,Texas
77546,"Friendswood, Texas",2018,18663,17894,769,18663,509,1108,3630,3912,3472,4585,1278,114,12,17894,896,1902,1902,4799,5593,2705,13999,246,483,2263,2894,3085,3637,1231,0,231300,Texas
