City,"Total Crime Per Capita [10,000]",Homes Sold,Population
Baytown,773.18,145.87,74420
Baytown,286.9,88.21,74420
Baytown,542.68,134.97,74420
Baytown,447.9,73.29,74420
Baytown,742.55,135.93,74420
Baytown,410.1,110.92,74420
Baytown,739.52,144.45,74420
Baytown,472.8,85.36,74420
Baytown,593.41,176.64,74420
Baytown,390.2,102.48,74420
Baytown,779.32,160.65,74420
Baytown,508.3,76.27,74420
Baytown,618.4,158.14,74420
Baytown,449,73.65,74420
Baytown,728.93,134.76,74420
Baytown,429.3,77.81,74420
Baytown,591.65,165.54,74420
Baytown,481,118.63,74420
Baytown,652.82,152.01,74420
Baytown,385,105.33,74420
Baytown,539.92,139.38,74420
Baytown,449.9,109.48,74420
Baytown,716.06,162.83,74420
Baytown,360.8,73.15,74420
Baytown,580.23,168.3,73709
Baytown,484,114.36,73709
Baytown,646.35,148.75,73709
Baytown,390.3,78.73,73709
Baytown,588.41,173.49,73709
Baytown,436.2,64.19,73709
Baytown,773.42,170.12,73709
Baytown,309.4,122.8,73709
Baytown,589.47,140.59,73709
Baytown,476.6,86.2,73709
Baytown,710.06,155.73,73709
Baytown,469.7,80.74,73709
Baytown,656.61,157.26,73709
Baytown,271.9,92.49,73709
Baytown,560.11,142.81,73709
Baytown,524.2,84.19,73709
Baytown,636.23,127.51,73709
Baytown,315.7,105.74,73709
Baytown,581.28,161.47,73709
Baytown,426.1,65.01,73709
Baytown,605.4,170.64,73709
Baytown,478.6,97.91,73709
Baytown,738.05,158.84,73709
Baytown,465.7,74.78,73709
Baytown,484.43,178.88,76253
Baytown,348.5,138.72,76253
Baytown,532.62,173.84,76253
Baytown,259.7,118.21,76253
Baytown,537.34,166.6,76253
Baytown,296.9,136.94,76253
Baytown,644.37,162.73,76253
Baytown,365.9,98.1,76253
Baytown,545.34,174.62,76253
Baytown,436.9,123.99,76253
Baytown,598.42,197.48,76253
Baytown,306.4,73.88,76253
Baytown,543.52,158.65,76253
Baytown,308.7,94.43,76253
Baytown,663.81,147.29,76253
Baytown,269.7,130.65,76253
Baytown,664.25,160.68,76253
Baytown,338.1,141.11,76253
Baytown,618.49,165.47,76253
Baytown,326.1,125,76253
Baytown,458.63,158.18,76253
Baytown,305.1,93.25,76253
Baytown,585.8,153.42,76253
Baytown,398.5,80.05,76253
Baytown,416.78,152.38,77145
Baytown,245.6,103.26,77145
Baytown,600.7,165.53,77145
Baytown,300.4,89.91,77145
Baytown,502.6,198.22,77145
Baytown,396.1,79.29,77145
Baytown,553.88,145.48,77145
Baytown,207.2,80.03,77145
Baytown,485.98,196.77,77145
Baytown,259.3,130.98,77145
Baytown,545.74,181.68,77145
Baytown,388.7,129.93,77145
Baytown,557.44,155.83,77145
Baytown,329.5,110.22,77145
Baytown,464.43,157.16,77145
Baytown,327.9,102.94,77145
Baytown,577.07,184.57,77145
Baytown,321.8,96.38,77145
Baytown,533.75,186.64,77145
Baytown,370,138.97,77145
Baytown,505.82,150.09,77145
Baytown,208.9,106.26,77145
Baytown,462.74,171.63,77145
Baytown,285.8,109.77,77145
Baytown,509.05,172.02,77224
Baytown,346.7,152.32,77224
Baytown,501.9,226.48,77224
Baytown,356.4,117.02,77224
Baytown,493.41,158.79,77224
Baytown,282.8,117.56,77224
Baytown,574.67,175.9,77224
Baytown,215.4,135.79,77224
Baytown,471.34,195.64,77224
Baytown,397.2,88.98,77224
Baytown,459.21,234.26,77224
Baytown,281.3,102.57,77224
Baytown,460.58,186.56,77224
Baytown,382.9,121.09,77224
Baytown,515.12,232.75,77224
Baytown,370.5,131.02,77224
Baytown,496.58,171.65,77224
Baytown,353.3,108.58,77224
Baytown,498.37,209.61,77224
Baytown,333.8,139.3,77224
Baytown,547.11,203.58,77224
Baytown,215.6,134.85,77224
Baytown,425.18,207.63,77224
Baytown,269,97.4,77224
Baytown,496.88,225.6,76704
Baytown,221,138.23,76704
Baytown,480.21,232.23,76704
Baytown,353.1,84.5,76704
Baytown,408.93,174.01,76704
Baytown,324.3,105.06,76704
Baytown,392.01,203.4,76704
Baytown,269.6,80.43,76704
Baytown,460.59,218.97,76704
Baytown,346.6,118.72,76704
Baytown,554.93,182.19,76704
Baytown,324.3,133.85,76704
Baytown,529.68,224.52,76704
Baytown,372.7,151.26,76704
Baytown,499.12,221.68,76704
Baytown,360.9,131,76704
Baytown,468.36,233.88,76704
Baytown,235.7,80.97,76704
Baytown,506.32,218.71,76704
Baytown,227.8,82.29,76704
Baytown,435.89,196.01,76704
Baytown,281.7,110.02,76704
Baytown,442.89,193.32,76704
Baytown,236,141.82,76704
Baytown,482.7,179.75,76704
Baytown,257.1,97.99,76704
Baytown,453.19,191.4,76704
Baytown,225.1,152.47,76704
Baytown,421.08,192.14,76704
Baytown,313.5,133.35,76704
Baytown,415.22,200.18,76704
Baytown,293.5,83.81,76704
Baytown,467.6,214.4,76704
Baytown,248.1,111.01,76704
Baytown,569.25,175.49,76704
Baytown,304.3,138.46,76704
Baytown,542.04,187.74,76704
Baytown,378.9,161.87,76704
Baytown,464.1,210.05,76704
Baytown,337.3,109.09,76704
Baytown,485.15,172.94,76704
Baytown,370.5,138.57,76704
Baytown,537.5,214.18,76704
Baytown,235.9,98.62,76704
Baytown,560.02,228.7,76704
Baytown,278,116.66,76704
Baytown,389.95,180.95,76704
Baytown,368.5,107.08,76704
Friendswood,114.44,246.43,36965
Friendswood,55.1,148.71,36965
Friendswood,129.78,215.99,36965
Friendswood,61.9,149.99,36965
Friendswood,145.33,259.18,36965
Friendswood,70.3,200.71,36965
Friendswood,125.84,232.21,36965
Friendswood,97,121.38,36965
Friendswood,135.2,244.99,36965
Friendswood,57.5,173.51,36965
Friendswood,121.59,256.06,36965
Friendswood,79.3,204.3,36965
Friendswood,128.12,230.93,36965
Friendswood,61.2,176.63,36965
Friendswood,121.1,210.94,36965
Friendswood,56.3,124.62,36965
Friendswood,133.73,303.87,36965
Friendswood,79.1,160.24,36965
Friendswood,104.03,312.08,36965
Friendswood,79.2,132.6,36965
Friendswood,109.16,271.79,36965
Friendswood,52.9,187.68,36965
Friendswood,100.5,251.76,36965
Friendswood,78,188.06,36965
Friendswood,126.1,275.28,37226
Friendswood,79.4,181.9,37226
Friendswood,149.91,251.82,37226
Friendswood,58.5,217.96,37226
Friendswood,115.29,245.23,37226
Friendswood,97.6,164.44,37226
Friendswood,157.84,327.74,37226
Friendswood,93.5,158.94,37226
Friendswood,137.55,236.89,37226
Friendswood,63.4,135.43,37226
Friendswood,116.93,341.7,37226
Friendswood,102.9,153.29,37226
Friendswood,142.33,237.47,37226
Friendswood,115,187.23,37226
Friendswood,131.68,239.39,37226
Friendswood,65.4,177.42,37226
Friendswood,142.09,291.87,37226
Friendswood,83.4,204.87,37226
Friendswood,117.45,287.28,37226
Friendswood,80.2,180.28,37226
Friendswood,121.13,340.06,37226
Friendswood,71.8,130.01,37226
Friendswood,149.9,294.03,37226
Friendswood,66.4,134.22,37226
Friendswood,105.48,230.28,38012
Friendswood,49.4,191.75,38012
Friendswood,123.99,260.49,38012
Friendswood,59,205.7,38012
Friendswood,137.03,231.28,38012
Friendswood,81,194.12,38012
Friendswood,94.11,287.17,38012
Friendswood,59.4,194.28,38012
Friendswood,97.67,241.18,38012
Friendswood,55.9,159.79,38012
Friendswood,97.49,310.85,38012
Friendswood,75.7,219.28,38012
Friendswood,100.37,237.32,38012
Friendswood,88.9,126.97,38012
Friendswood,92.69,268.78,38012
Friendswood,62.3,117.61,38012
Friendswood,100.96,239.15,38012
Friendswood,91.7,147.37,38012
Friendswood,135.69,278.35,38012
Friendswood,80.8,119.34,38012
Friendswood,111.54,293.19,38012
Friendswood,60.6,158.37,38012
Friendswood,113.38,276.98,38012
Friendswood,60.5,154.76,38012
Friendswood,105.87,286.3,38851
Friendswood,80.6,173.16,38851
Friendswood,146.59,242.21,38851
Friendswood,64.8,111.98,38851
Friendswood,101.57,228.8,38851
Friendswood,58.1,181.94,38851
Friendswood,100.54,282.4,38851
Friendswood,59.6,171,38851
Friendswood,101.56,195.39,38851
Friendswood,77.4,105.04,38851
Friendswood,147.16,242.5,38851
Friendswood,64.4,165.12,38851
Friendswood,110.59,285.72,38851
Friendswood,75.8,131.73,38851
Friendswood,144.43,233.96,38851
Friendswood,81.7,134.02,38851
Friendswood,109.38,199.97,38851
Friendswood,96.5,155.09,38851
Friendswood,104.15,217.95,38851
Friendswood,79.2,184,38851
Friendswood,118.57,218.5,38851
Friendswood,84.1,113.11,38851
Friendswood,133.39,247.63,38851
Friendswood,80.2,178.17,38851
Friendswood,120.01,293.17,39402
Friendswood,69.8,142.59,39402
Friendswood,108,273.65,39402
Friendswood,82,125.29,39402
Friendswood,105.56,311.19,39402
Friendswood,67.3,123.91,39402
Friendswood,109.91,251.52,39402
Friendswood,41.8,153.92,39402
Friendswood,101.68,291.77,39402
Friendswood,70,125.83,39402
Friendswood,99.74,273.34,39402
Friendswood,76,149.78,39402
Friendswood,95.09,311.38,39402
Friendswood,57.3,162.64,39402
Friendswood,96.73,236.78,39402
Friendswood,66.9,182.9,39402
Friendswood,116.71,298.3,39402
Friendswood,72.8,172.88,39402
Friendswood,85.23,213.77,39402
Friendswood,59.4,132.44,39402
Friendswood,93.04,220.82,39402
Friendswood,50.2,125.44,39402
Friendswood,115.82,228.11,39402
Friendswood,52.4,160.34,39402
Friendswood,95.2,259.3,39990
Friendswood,64.9,140.85,39990
Friendswood,109.8,213.8,39990
Friendswood,52.1,125.07,39990
Friendswood,124.46,215.69,39990
Friendswood,54.8,125.02,39990
Friendswood,108.07,250.07,39990
Friendswood,45.7,108.07,39990
Friendswood,110.25,258.38,39990
Friendswood,76.7,118.21,39990
Friendswood,130.67,238.62,39990
Friendswood,80.9,152.67,39990
Friendswood,133.24,214.65,39990
Friendswood,66.8,107.06,39990
Friendswood,104.31,205.74,39990
Friendswood,88,144.78,39990
Friendswood,118.32,246.76,39990
Friendswood,53.7,195.85,39990
Friendswood,123.71,282.27,39990
Friendswood,82.5,179.12,39990
Friendswood,133.84,241.86,39990
Friendswood,54,160.54,39990
Friendswood,101.09,203.18,39990
Friendswood,53.6,131.11,39990
Friendswood,108.1,296.12,39990
Friendswood,75.5,138.84,39990
Friendswood,105.02,342.1,39990
Friendswood,52.4,142.33,39990
Friendswood,128.68,316.49,39990
Friendswood,55,189.49,39990
Friendswood,123.87,319.26,39990
Friendswood,80.7,216.09,39990
Friendswood,108.62,349.14,39990
Friendswood,52.3,228.2,39990
Friendswood,132.73,352.14,39990
Friendswood,50.2,224.66,39990
Friendswood,102.62,316.53,39990
Friendswood,85.6,204.18,39990
Friendswood,124.21,260.94,39990
Friendswood,85.4,231.98,39990
Friendswood,90.3,280.52,39990
Friendswood,74.3,173.2,39990
Friendswood,91.29,263.6,39990
Friendswood,80.5,224.17,39990
Friendswood,102.39,297.92,39990
Friendswood,45.1,209.07,39990
Friendswood,109.69,269.43,39990
Friendswood,82,159.01,39990
Galveston,729.06,211.54,49170
Galveston,465.6,102.94,49170
Galveston,643.43,227.46,49170
Galveston,495.7,146.07,49170
Galveston,595.53,234.36,49170
Galveston,462.5,145.83,49170
Galveston,698.08,244.55,49170
Galveston,456.5,138.35,49170
Galveston,765.04,184.9,49170
Galveston,523.8,170.86,49170
Galveston,744.9,194.5,49170
Galveston,536.2,140.91,49170
Galveston,773.78,188.05,49170
Galveston,453.7,90.82,49170
Galveston,801.12,229.57,49170
Galveston,401.1,142.01,49170
Galveston,656.87,253.37,49170
Galveston,388.6,123.48,49170
Galveston,606.76,238.97,49170
Galveston,461.7,156.85,49170
Galveston,612.77,213.85,49170
Galveston,384.9,104.85,49170
Galveston,629.33,195.37,49170
Galveston,483.5,167.28,49170
Galveston,572.01,222.79,48067
Galveston,505.1,115.96,48067
Galveston,587.9,296.94,48067
Galveston,459.7,168.43,48067
Galveston,593.75,301.91,48067
Galveston,513.8,183.93,48067
Galveston,538.26,305.62,48067
Galveston,474.5,135.51,48067
Galveston,668.97,213.34,48067
Galveston,372.4,179.12,48067
Galveston,654.05,295.17,48067
Galveston,406.6,195.84,48067
Galveston,646.88,248.19,48067
Galveston,300,112.17,48067
Galveston,743.71,231.24,48067
Galveston,373.4,112.83,48067
Galveston,541.63,225.8,48067
Galveston,470.4,164.2,48067
Galveston,593.74,212.93,48067
Galveston,464.2,109.76,48067
Galveston,744.34,258.4,48067
Galveston,301.2,181.89,48067
Galveston,650.72,241.66,48067
Galveston,410.9,132.81,48067
Galveston,621.55,274.72,48961
Galveston,307.9,204.77,48961
Galveston,645.86,274.25,48961
Galveston,408,190.13,48961
Galveston,492,308.72,48961
Galveston,384,241.8,48961
Galveston,552.69,255.89,48961
Galveston,312.9,125.65,48961
Galveston,685.98,330.09,48961
Galveston,465.8,209.95,48961
Galveston,655.64,320.17,48961
Galveston,429.6,154.31,48961
Galveston,544.52,306.72,48961
Galveston,350.7,219.48,48961
Galveston,659.06,328.15,48961
Galveston,290.9,153.21,48961
Galveston,494.17,339.06,48961
Galveston,251,137.43,48961
Galveston,615.45,311.66,48961
Galveston,461,190.4,48961
Galveston,644.46,275.96,48961
Galveston,312.2,142.98,48961
Galveston,691.76,294.84,48961
Galveston,453.2,143.52,48961
Galveston,513.1,307.96,50065
Galveston,294,119.88,50065
Galveston,452.51,248.66,50065
Galveston,396.5,174.07,50065
Galveston,547.31,306.23,50065
Galveston,261,175.32,50065
Galveston,595.09,280.06,50065
Galveston,223.2,171.45,50065
Galveston,532.98,281.29,50065
Galveston,326.7,127.22,50065
Galveston,602.61,288.78,50065
Galveston,226.5,167.08,50065
Galveston,564.1,243.54,50065
Galveston,320.5,208.67,50065
Galveston,561.37,350.92,50065
Galveston,310.6,228.79,50065
Galveston,477.74,317.73,50065
Galveston,212.3,180.12,50065
Galveston,489.7,324.84,50065
Galveston,351.6,232.77,50065
Galveston,585.48,269.18,50065
Galveston,336.4,218,50065
Galveston,547.85,270.47,50065
Galveston,350.8,148.43,50065
Galveston,556.92,359.92,50667
Galveston,354.6,125.89,50667
Galveston,464.48,317.03,50667
Galveston,205.1,171.61,50667
Galveston,573.45,259.95,50667
Galveston,216.1,222.41,50667
Galveston,489.43,281.06,50667
Galveston,389.3,179.3,50667
Galveston,543.15,307.36,50667
Galveston,299.6,146.27,50667
Galveston,413.63,340.08,50667
Galveston,249.6,205.92,50667
Galveston,562.6,315.52,50667
Galveston,363.1,228.56,50667
Galveston,423.32,265.95,50667
Galveston,283.3,220.52,50667
Galveston,433.07,257.43,50667
Galveston,209.3,223.65,50667
Galveston,465.66,300.59,50667
Galveston,308.8,198.18,50667
Galveston,529.21,319.7,50667
Galveston,240.2,230.68,50667
Galveston,434.45,304.73,50667
Galveston,333.4,121.93,50667
Galveston,521.05,369.94,51021
Galveston,395.2,148.65,51021
Galveston,467.86,287.4,51021
Galveston,200.9,160.78,51021
Galveston,573.64,319.38,51021
Galveston,386,195.35,51021
Galveston,517.95,278.08,51021
Galveston,333.4,138.06,51021
Galveston,423.82,331.8,51021
Galveston,397.2,182.92,51021
Galveston,421.89,320.92,51021
Galveston,293.8,248.87,51021
Galveston,405.15,276.31,51021
Galveston,326,248.59,51021
Galveston,541.71,290.49,51021
Galveston,239.4,222.17,51021
Galveston,496.8,325.82,51021
Galveston,304.1,186.56,51021
Galveston,528.31,320.76,51021
Galveston,289.5,166.87,51021
Galveston,406.96,322.07,51021
Galveston,202,160.24,51021
Galveston,547.63,359.97,51021
Galveston,349.4,150.92,51021
Galveston,505.63,280.88,51021
Galveston,326.9,154.93,51021
Galveston,573.01,327.71,51021
Galveston,302.8,137.23,51021
Galveston,584.36,265.76,51021
Galveston,305,132.5,51021
Galveston,493.75,355.3,51021
Galveston,380,175.42,51021
Galveston,535.95,266.86,51021
Galveston,285.5,193.15,51021
Galveston,480.46,274.92,51021
Galveston,310.1,154.55,51021
Galveston,486.62,321.12,51021
Galveston,283.7,246.62,51021
Galveston,600.78,379.09,51021
Galveston,279.6,141.82,51021
Galveston,454.96,287.67,51021
Galveston,394.9,187.08,51021
Galveston,513.75,296.75,51021
Galveston,317.1,257.35,51021
Galveston,518.61,279.19,51021
Galveston,214.8,150.9,51021
Galveston,537.56,328.39,51021
Galveston,367.9,238.39,51021
Houston,771.48,127.18,2177273
Houston,328.6,93.45,2177273
Houston,850.61,174.37,2177273
Houston,484.8,69.33,2177273
Houston,810.37,144.88,2177273
Houston,583.5,84.8,2177273
Houston,663.2,136.07,2177273
Houston,371.1,109.82,2177273
Houston,810.78,175.14,2177273
Houston,467.3,121.62,2177273
Houston,730.78,150.23,2177273
Houston,405.6,105.45,2177273
Houston,826.97,137.54,2177273
Houston,523.7,80.8,2177273
Houston,681.07,178.59,2177273
Houston,582.8,110.57,2177273
Houston,657.5,171.72,2177273
Houston,409.1,68.38,2177273
Houston,783.23,171.81,2177273
Houston,309,118.77,2177273
Houston,800.15,140.66,2177273
Houston,355.1,65.66,2177273
Houston,678.06,161.07,2177273
Houston,539.7,99.96,2177273
Houston,685.07,162.07,2180606
Houston,445.6,97.13,2180606
Houston,859.68,200.71,2180606
Houston,360.1,140.13,2180606
Houston,865.14,203.53,2180606
Houston,578.5,96.64,2180606
Houston,726.42,184.29,2180606
Houston,548.7,137,2180606
Houston,869.23,183.23,2180606
Houston,430.1,85.64,2180606
Houston,858.6,141.5,2180606
Houston,565.4,136.22,2180606
Houston,661.83,156.28,2180606
Houston,342.3,91.5,2180606
Houston,614.53,166.06,2180606
Houston,445.3,74.5,2180606
Houston,622.22,185.5,2180606
Houston,309.3,109.06,2180606
Houston,642.17,201.48,2180606
Houston,439,125.36,2180606
Houston,651.93,189.14,2180606
Houston,588.2,97.99,2180606
Houston,728.77,164.86,2180606
Houston,309.5,112.6,2180606
Houston,736.19,165.55,2219933
Houston,495.7,106.38,2219933
Houston,699.05,165.12,2219933
Houston,434.6,83.69,2219933
Houston,579.32,207.6,2219933
Houston,559.8,113.16,2219933
Houston,712.38,164.6,2219933
Houston,454.6,121.44,2219933
Houston,585.1,160.58,2219933
Houston,344.8,111.07,2219933
Houston,826.24,204.25,2219933
Houston,564.4,87.79,2219933
Houston,650.33,176.47,2219933
Houston,334.3,71.72,2219933
Houston,607.29,148.62,2219933
Houston,463.7,117.55,2219933
Houston,767.15,173.9,2219933
Houston,544.2,125.04,2219933
Houston,583.49,164.95,2219933
Houston,387.2,128.13,2219933
Houston,731.4,183.33,2219933
Houston,492.5,97.45,2219933
Houston,688.85,163.07,2219933
Houston,311.5,120.68,2219933
Houston,634.82,154.81,2275221
Houston,496.1,65.41,2275221
Houston,782.34,173.56,2275221
Houston,372.2,84.5,2275221
Houston,709.58,134.53,2275221
Houston,532.8,92.67,2275221
Houston,725.81,135.84,2275221
Houston,476.4,64.65,2275221
Houston,770.17,131.77,2275221
Houston,443.9,94.13,2275221
Houston,781.28,177.26,2275221
Houston,354.8,75.29,2275221
Houston,746.01,182.66,2275221
Houston,297.5,127.86,2275221
Houston,591.15,136.64,2275221
Houston,523.1,89.07,2275221
Houston,800.49,187.89,2275221
Houston,497.3,114.91,2275221
Houston,801.45,159.03,2275221
Houston,464.3,109.83,2275221
Houston,770.25,154.5,2275221
Houston,418.5,117.17,2275221
Houston,674.44,170.89,2275221
Houston,437.3,89.82,2275221
Houston,695.01,164.29,2334348
Houston,439.3,106.63,2334348
Houston,623.19,167.27,2334348
Houston,319.9,83.06,2334348
Houston,588.52,175.65,2334348
Houston,463.4,66.08,2334348
Houston,559.09,165.93,2334348
Houston,297.9,66.24,2334348
Houston,670.35,132.32,2334348
Houston,418.9,73.17,2334348
Houston,718,180.69,2334348
Houston,399,100.55,2334348
Houston,795.47,178.34,2334348
Houston,474.2,116.75,2334348
Houston,721.69,143.38,2334348
Houston,493.5,106.51,2334348
Houston,737.51,148.61,2334348
Houston,485.5,65.86,2334348
Houston,775.84,156.48,2334348
Houston,486.2,122.28,2334348
Houston,687,133.05,2334348
Houston,367.6,105.56,2334348
Houston,722.7,149.19,2334348
Houston,320.4,75.71,2334348
Houston,713.64,166.49,2338235
Houston,262.7,90.18,2338235
Houston,635.1,161.28,2338235
Houston,376.5,88.86,2338235
Houston,532.13,137.56,2338235
Houston,274.4,125.28,2338235
Houston,541.43,160.37,2338235
Houston,283.7,114.69,2338235
Houston,597.99,172.96,2338235
Houston,384.6,110.02,2338235
Houston,614.72,172.5,2338235
Houston,418,102.49,2338235
Houston,700.03,166.02,2338235
Houston,268.4,107.8,2338235
Houston,634.97,191.07,2338235
Houston,482.1,99.5,2338235
Houston,681.36,150.41,2338235
Houston,461.1,105.03,2338235
Houston,772.18,170.22,2338235
Houston,275.5,74.25,2338235
Houston,652.18,194.93,2338235
Houston,360.4,89.11,2338235
Houston,760.02,178.73,2338235
Houston,437.8,75.19,2338235
Houston,716.32,197.43,2338235
Houston,305.4,113.34,2338235
Houston,532.54,190.53,2338235
Houston,271.4,85.31,2338235
Houston,642.65,140.1,2338235
Houston,466.8,76.78,2338235
Houston,708.81,199.52,2338235
Houston,363.6,111.5,2338235
Houston,732.95,196.56,2338235
Houston,364.8,68.76,2338235
Houston,565.24,136.63,2338235
Houston,380.8,134.48,2338235
Houston,669.45,183.31,2338235
Houston,390.3,67.94,2338235
Houston,671.91,176.8,2338235
Houston,418.8,126.42,2338235
Houston,562.35,172.45,2338235
Houston,493.5,111.8,2338235
Houston,556.38,177.45,2338235
Houston,366.1,91.16,2338235
Houston,661.15,199.29,2338235
Houston,363,119.4,2338235
Houston,650.29,152.84,2338235
Houston,519.6,113.06,2338235
La Porte,283.63,140.38,35054
La Porte,189.2,74.84,35054
La Porte,267.12,139.94,35054
La Porte,133.6,74.24,35054
La Porte,246.27,112.63,35054
La Porte,107.3,86.92,35054
La Porte,277.43,127.1,35054
La Porte,187.3,99.39,35054
La Porte,267.33,113.91,35054
La Porte,154.8,59.64,35054
La Porte,252.57,151.76,35054
La Porte,178.6,61.93,35054
La Porte,223.91,151.06,35054
La Porte,184.6,87.46,35054
La Porte,218.33,146.11,35054
La Porte,148.7,65.81,35054
La Porte,203.57,131.37,35054
La Porte,107.6,60.99,35054
La Porte,281.62,136.47,35054
La Porte,160.1,77.32,35054
La Porte,239.66,135.58,35054
La Porte,128.8,55.89,35054
La Porte,226.57,148.31,35054
La Porte,167.5,68.47,35054
La Porte,213.55,171.15,34671
La Porte,112.5,102.81,34671
La Porte,230.01,147.33,34671
La Porte,141.9,106.81,34671
La Porte,194.11,142.66,34671
La Porte,100.1,106.32,34671
La Porte,228.55,150.92,34671
La Porte,156.5,94.45,34671
La Porte,208.92,118.16,34671
La Porte,165.6,74.53,34671
La Porte,185.46,160.39,34671
La Porte,94.7,95.01,34671
La Porte,188.43,170.32,34671
La Porte,119.2,106.84,34671
La Porte,271.64,167.54,34671
La Porte,91.9,76.19,34671
La Porte,182.7,119.08,34671
La Porte,125,109.93,34671
La Porte,203.05,124.39,34671
La Porte,168.7,110.33,34671
La Porte,246.51,161.53,34671
La Porte,155.3,85.91,34671
La Porte,225.5,168.55,34671
La Porte,133.8,78.45,34671
La Porte,198.08,162.17,34852
La Porte,161,76.5,34852
La Porte,190.16,198.77,34852
La Porte,154.3,85.01,34852
La Porte,268.39,205.8,34852
La Porte,134.2,87.73,34852
La Porte,240.75,180.97,34852
La Porte,177.8,85.64,34852
La Porte,218.47,199.54,34852
La Porte,141.6,105.11,34852
La Porte,207.92,194.4,34852
La Porte,159.4,129.24,34852
La Porte,247.88,160.66,34852
La Porte,102.8,118.26,34852
La Porte,191.66,158.38,34852
La Porte,99.7,92.89,34852
La Porte,218.76,161.87,34852
La Porte,105.1,119.96,34852
La Porte,193.15,143.96,34852
La Porte,107.6,125.79,34852
La Porte,191.19,192.23,34852
La Porte,138.2,76.3,34852
La Porte,259.26,214.88,34852
La Porte,169.1,88.22,34852
La Porte,217.15,125.79,35336
La Porte,144.4,101.58,35336
La Porte,252.61,143.2,35336
La Porte,130.7,119.97,35336
La Porte,241.75,154.74,35336
La Porte,93.2,84.78,35336
La Porte,201.07,181.64,35336
La Porte,127,74.25,35336
La Porte,224.76,163.94,35336
La Porte,111.2,79.71,35336
La Porte,223.36,159.55,35336
La Porte,136,114.5,35336
La Porte,222.45,126.57,35336
La Porte,177.8,111.3,35336
La Porte,196.32,140.86,35336
La Porte,125.2,102.28,35336
La Porte,227.62,142.91,35336
La Porte,164.5,71.96,35336
La Porte,214.47,146.61,35336
La Porte,130.7,75.28,35336
La Porte,194.71,160.16,35336
La Porte,159.5,111.49,35336
La Porte,261.62,134.15,35336
La Porte,104.4,86.57,35336
La Porte,210.78,191.56,35410
La Porte,126.1,103.74,35410
La Porte,230.22,165.4,35410
La Porte,127.6,117.09,35410
La Porte,227.28,165.87,35410
La Porte,104.9,114.96,35410
La Porte,240.26,188.83,35410
La Porte,121.6,125.4,35410
La Porte,275.73,178.21,35410
La Porte,172.9,88.27,35410
La Porte,229.19,153.42,35410
La Porte,143.3,125.53,35410
La Porte,244,180.93,35410
La Porte,111,78.45,35410
La Porte,267.67,146.62,35410
La Porte,182.6,124.8,35410
La Porte,219.55,178.95,35410
La Porte,98.4,105.9,35410
La Porte,224.28,190.91,35410
La Porte,105.1,76.79,35410
La Porte,283.1,191.64,35410
La Porte,103,83.1,35410
La Porte,252.09,194.29,35410
La Porte,187.2,80.03,35410
La Porte,256.89,131.35,35293
La Porte,117.9,121.18,35293
La Porte,255.53,152.12,35293
La Porte,170.5,72.59,35293
La Porte,194.73,154.34,35293
La Porte,89.9,109.4,35293
La Porte,263.46,150.36,35293
La Porte,133.2,84.36,35293
La Porte,183.36,147.2,35293
La Porte,127.6,101.45,35293
La Porte,226.64,185.63,35293
La Porte,146.6,83.91,35293
La Porte,209.75,129.51,35293
La Porte,97.1,118.86,35293
La Porte,203.71,143.29,35293
La Porte,171.4,119.78,35293
La Porte,236.38,190.24,35293
La Porte,125.7,87.69,35293
La Porte,226.1,128.36,35293
La Porte,114.8,97.33,35293
La Porte,201.58,134.6,35293
La Porte,152.5,98.8,35293
La Porte,251.46,180.21,35293
La Porte,145.8,124.76,35293
La Porte,179.32,188.3,35293
La Porte,108.4,121.38,35293
La Porte,204.28,147.2,35293
La Porte,113.5,117.59,35293
La Porte,186.03,191.55,35293
La Porte,136.4,83.21,35293
La Porte,183.13,173.46,35293
La Porte,145.2,91.51,35293
La Porte,246.12,166.58,35293
La Porte,97.2,111.73,35293
La Porte,239.61,144.88,35293
La Porte,149.1,121.22,35293
La Porte,191.89,150.72,35293
La Porte,153.6,127.85,35293
La Porte,184.1,178.84,35293
La Porte,117.9,111.18,35293
La Porte,188.78,182.68,35293
La Porte,171.1,84.8,35293
La Porte,222.18,168.8,35293
La Porte,147.8,80.85,35293
La Porte,191.68,193.57,35293
La Porte,139.6,108.77,35293
La Porte,228.84,142.02,35293
La Porte,132.8,78.82,35293
League City,228.44,275.25,86127
League City,191.2,160.66,86127
League City,296.66,229.24,86127
League City,114.7,158,86127
League City,221.41,238.22,86127
League City,105.3,107.51,86127
League City,226.07,268.18,86127
League City,205.8,128.04,86127
League City,281.68,221.35,86127
League City,182.5,155.64,86127
League City,300.47,235.59,86127
League City,169.4,176.53,86127
League City,236.02,222.16,86127
League City,159.2,162.45,86127
League City,284.58,266.19,86127
League City,141.5,133.43,86127
League City,293.83,276.94,86127
League City,208.7,173.7,86127
League City,295.54,245.01,86127
League City,184.5,187.82,86127
League City,310.84,207.3,86127
League City,205.8,110.53,86127
League City,292.43,219.91,86127
League City,118.5,100.07,86127
League City,290.83,303.81,89596
League City,180.6,182.18,89596
League City,253.82,306.36,89596
League City,134.8,147.44,89596
League City,252.82,231.18,89596
League City,133.6,163.83,89596
League City,334.2,273,89596
League City,221.1,214.11,89596
League City,298.32,222.23,89596
League City,124.1,123.25,89596
League City,273.55,292.04,89596
League City,171.1,125.87,89596
League City,323.82,256.55,89596
League City,199.7,192.4,89596
League City,303.34,250.17,89596
League City,126.8,212.63,89596
League City,286.18,262.38,89596
League City,186.6,203.67,89596
League City,276,321.67,89596
League City,119,157.64,89596
League City,333.33,308.01,89596
League City,121.1,129.98,89596
League City,239.62,221.2,89596
League City,202.2,169.58,89596
League City,281.23,229.87,92790
League City,185.4,154.9,92790
League City,215.08,271.43,92790
League City,118,170.25,92790
League City,271.07,232.52,92790
League City,204.8,161.29,92790
League City,246.69,247.63,92790
League City,160.2,116.97,92790
League City,268.29,237.07,92790
League City,130.3,195.55,92790
League City,245.16,260.75,92790
League City,110.2,116.65,92790
League City,236.48,331.76,92790
League City,149,127.99,92790
League City,261.58,237.09,92790
League City,141.6,134.76,92790
League City,247.01,313.72,92790
League City,179.6,186.26,92790
League City,270.15,294.09,92790
League City,170.2,139.38,92790
League City,300.48,239.19,92790
League City,195.4,141.94,92790
League City,276.81,258.6,92790
League City,118.8,173.15,92790
League City,194.79,248.33,97172
League City,130,122.67,97172
League City,224.02,318.36,97172
League City,150.1,120.58,97172
League City,192.61,293.7,97172
League City,152,193.35,97172
League City,249.35,257.39,97172
League City,156.3,111.46,97172
League City,256.8,286.29,97172
League City,104,204.64,97172
League City,203.75,254.88,97172
League City,141.8,184.78,97172
League City,280.53,235.71,97172
League City,133.5,144.6,97172
League City,222.21,260.51,97172
League City,135.8,162.45,97172
League City,267.41,275.42,97172
League City,177.4,154.37,97172
League City,202.22,266.98,97172
League City,113.6,175.81,97172
League City,263.58,266.41,97172
League City,116.8,165.96,97172
League City,200.08,263.55,97172
League City,151.3,156.57,97172
League City,281.26,260.34,101436
League City,108.7,181.27,101436
League City,229.36,207.75,101436
League City,194.1,137.19,101436
League City,280.84,304.48,101436
League City,162.2,111.62,101436
League City,213.59,281.14,101436
League City,152.4,196.62,101436
League City,203.69,279.45,101436
League City,198.1,107.06,101436
League City,266.55,251.53,101436
League City,111.8,194.34,101436
League City,294.83,238.77,101436
League City,186.1,201.39,101436
League City,219.58,251.83,101436
League City,193.1,141.76,101436
League City,257.19,295.6,101436
League City,119.6,170.06,101436
League City,258.29,205.03,101436
League City,129.1,188.6,101436
League City,255.78,294.25,101436
League City,196.6,179.77,101436
League City,219.3,274.9,101436
League City,122.9,124.87,101436
League City,183.2,254.01,105351
League City,142.1,126.29,105351
League City,212.74,262.64,105351
League City,95,127.4,105351
League City,213.09,232.92,105351
League City,166.8,161.11,105351
League City,210.78,280.35,105351
League City,86.3,180.96,105351
League City,252.94,278.77,105351
League City,156.4,156.39,105351
League City,196.5,200.26,105351
League City,149.9,153.89,105351
League City,221.47,220.56,105351
League City,117.9,123.74,105351
League City,215.43,231.05,105351
League City,115.9,123.42,105351
League City,216.92,215.63,105351
League City,88.4,161.62,105351
League City,202.82,282.75,105351
League City,163.1,148.09,105351
League City,205.31,207.47,105351
League City,162.4,97.32,105351
League City,222.76,266.17,105351
League City,109.6,99.82,105351
League City,240.6,241.34,105351
League City,135,152.51,105351
League City,222.6,235.54,105351
League City,89.5,147.61,105351
League City,210.45,205.76,105351
League City,99.8,125.1,105351
League City,191.02,209.96,105351
League City,157.4,103.37,105351
League City,184.72,269.09,105351
League City,152.1,106.78,105351
League City,217.35,211.02,105351
League City,147.9,193.59,105351
League City,215.75,267.41,105351
League City,94.4,160.06,105351
League City,244.24,231.56,105351
League City,167.7,183.19,105351
League City,209.28,241.17,105351
League City,128.7,99.73,105351
League City,216.41,251.76,105351
League City,149,114.33,105351
League City,216.07,282.94,105351
League City,108.7,183.29,105351
League City,191.56,204.55,105351
League City,152.7,149.69,105351
Missouri City,183.78,250.13,70819
Missouri City,122.9,135.79,70819
Missouri City,189.85,200.51,70819
Missouri City,68.5,166.31,70819
Missouri City,197.96,257.79,70819
Missouri City,81.7,136.31,70819
Missouri City,200.38,220.57,70819
Missouri City,133.8,132.04,70819
Missouri City,143.06,283.33,70819
Missouri City,101,153.98,70819
Missouri City,167.25,289,70819
Missouri City,71.8,180.57,70819
Missouri City,148.02,214.79,70819
Missouri City,106.3,126.66,70819
Missouri City,136.96,273.64,70819
Missouri City,133.5,111.98,70819
Missouri City,151.77,208.97,70819
Missouri City,93.1,154.65,70819
Missouri City,145.65,284.81,70819
Missouri City,72.4,187,70819
Missouri City,151.75,223.19,70819
Missouri City,110.2,148.75,70819
Missouri City,148.6,226.6,70819
Missouri City,120.4,122.12,70819
Missouri City,243.25,290.71,69487
Missouri City,170,172.72,69487
Missouri City,196.67,254.91,69487
Missouri City,103.6,222.05,69487
Missouri City,203.69,265.09,69487
Missouri City,94.9,133.23,69487
Missouri City,248.8,315.09,69487
Missouri City,121.1,189.62,69487
Missouri City,236.98,336.57,69487
Missouri City,105.3,213.61,69487
Missouri City,183.78,356.45,69487
Missouri City,134.5,241.71,69487
Missouri City,215.77,315.64,69487
Missouri City,104.7,231.29,69487
Missouri City,193.82,362.01,69487
Missouri City,109.3,124.88,69487
Missouri City,234.47,322.37,69487
Missouri City,143.1,160.99,69487
Missouri City,183.8,318.73,69487
Missouri City,170.4,219.34,69487
Missouri City,230.8,275.38,69487
Missouri City,96.6,180.58,69487
Missouri City,262.98,254.26,69487
Missouri City,154.3,149.69,69487
Missouri City,251.37,328.05,70853
Missouri City,149.7,192.93,70853
Missouri City,266.54,256.55,70853
Missouri City,98.5,209.86,70853
Missouri City,232.43,314.17,70853
Missouri City,164.4,151.46,70853
Missouri City,260.16,313.49,70853
Missouri City,145.8,233.75,70853
Missouri City,223.72,281.9,70853
Missouri City,168.6,200.43,70853
Missouri City,185,310.19,70853
Missouri City,135.8,123.8,70853
Missouri City,252.8,294.19,70853
Missouri City,119.9,145.52,70853
Missouri City,262.94,252.86,70853
Missouri City,178.2,157.08,70853
Missouri City,189.64,287.35,70853
Missouri City,135.5,148.04,70853
Missouri City,202.09,313.04,70853
Missouri City,122.6,138.54,70853
Missouri City,205.43,247.97,70853
Missouri City,93.6,173.19,70853
Missouri City,257.65,345.16,70853
Missouri City,156.1,215.85,70853
Missouri City,289.84,268.03,72879
Missouri City,110.9,150.12,72879
Missouri City,197.52,223.75,72879
Missouri City,111.1,176.9,72879
Missouri City,208.03,267.81,72879
Missouri City,115.1,117.38,72879
Missouri City,252.43,330.04,72879
Missouri City,164.7,160.22,72879
Missouri City,264.82,291.07,72879
Missouri City,178.3,161.53,72879
Missouri City,283.42,223.36,72879
Missouri City,130.9,158.42,72879
Missouri City,262.26,226.19,72879
Missouri City,99.7,122.42,72879
Missouri City,285.92,271.77,72879
Missouri City,117.2,192.73,72879
Missouri City,211.9,285.36,72879
Missouri City,98.4,215.88,72879
Missouri City,285.1,270.57,72879
Missouri City,188.3,143.41,72879
Missouri City,259.34,273.04,72879
Missouri City,137.5,152.47,72879
Missouri City,225.04,250.95,72879
Missouri City,112.6,188.25,72879
Missouri City,221.44,272.64,75607
Missouri City,125.5,178.17,75607
Missouri City,248.48,205.96,75607
Missouri City,179.3,158.47,75607
Missouri City,193.92,270.52,75607
Missouri City,103.9,121.07,75607
Missouri City,204.53,279.88,75607
Missouri City,180.9,195.39,75607
Missouri City,264.74,259.7,75607
Missouri City,150.8,182.16,75607
Missouri City,242.11,271.61,75607
Missouri City,134.4,108.04,75607
Missouri City,228.02,242.51,75607
Missouri City,110.4,150.96,75607
Missouri City,277.15,234.69,75607
Missouri City,152,191.21,75607
Missouri City,258.25,206.73,75607
Missouri City,108,164.35,75607
Missouri City,244.53,285.15,75607
Missouri City,180.3,167.32,75607
Missouri City,195.45,262.02,75607
Missouri City,178.5,168.19,75607
Missouri City,249.7,292.29,75607
Missouri City,152,145.3,75607
Missouri City,164.78,267.32,75863
Missouri City,146.4,124.06,75863
Missouri City,197.8,231.1,75863
Missouri City,132.7,138.5,75863
Missouri City,152.29,290.55,75863
Missouri City,99.6,119.62,75863
Missouri City,182.99,241.63,75863
Missouri City,91.6,155.67,75863
Missouri City,201.88,267.18,75863
Missouri City,114.9,155.15,75863
Missouri City,164.4,252.98,75863
Missouri City,109.5,155.31,75863
Missouri City,189.91,259.23,75863
Missouri City,96,155.8,75863
Missouri City,213.81,231.12,75863
Missouri City,143.2,129.7,75863
Missouri City,160.82,267.5,75863
Missouri City,122.6,188.77,75863
Missouri City,220.99,287.87,75863
Missouri City,146.4,130.13,75863
Missouri City,164.47,260.54,75863
Missouri City,91,172.23,75863
Missouri City,176.56,230.47,75863
Missouri City,77.4,188.39,75863
Missouri City,214.2,276.42,75863
Missouri City,142.6,132.74,75863
Missouri City,157.56,298.48,75863
Missouri City,122.6,204.12,75863
Missouri City,189.15,234.96,75863
Missouri City,77.4,157.94,75863
Missouri City,178.59,304.16,75863
Missouri City,117.7,180.29,75863
Missouri City,153.05,223.51,75863
Missouri City,113,133.5,75863
Missouri City,198.89,243.92,75863
Missouri City,89.4,176.68,75863
Missouri City,153.07,242.29,75863
Missouri City,129.9,170.88,75863
Missouri City,175.47,231.21,75863
Missouri City,78.9,213.78,75863
Missouri City,201.93,230.94,75863
Missouri City,146.1,118.35,75863
Missouri City,194.67,279.03,75863
Missouri City,108.3,204.53,75863
Missouri City,189.6,256.78,75863
Missouri City,106.1,110.59,75863
Missouri City,170.42,283.75,75863
Missouri City,95.4,161.7,75863
Pasadena,516.8,73.38,154562
Pasadena,263.4,48.28,154562
Pasadena,426.19,67.84,154562
Pasadena,275.7,38.93,154562
Pasadena,504.12,55.54,154562
Pasadena,301.4,35.1,154562
Pasadena,527.7,67.5,154562
Pasadena,296.9,27.04,154562
Pasadena,416.81,76.28,154562
Pasadena,264.1,48.38,154562
Pasadena,563.48,56.39,154562
Pasadena,264.4,39.22,154562
Pasadena,419.98,56.51,154562
Pasadena,210.9,40.4,154562
Pasadena,554.67,59.64,154562
Pasadena,307,52.27,154562
Pasadena,452.37,62.56,154562
Pasadena,370.3,36.36,154562
Pasadena,577.97,59.7,154562
Pasadena,270.6,37.17,154562
Pasadena,565.13,61.79,154562
Pasadena,360.1,38.9,154562
Pasadena,435.83,58.18,154562
Pasadena,380,44.19,154562
Pasadena,539.35,62.37,153195
Pasadena,285.5,37.27,153195
Pasadena,516.69,63.35,153195
Pasadena,376.9,42.45,153195
Pasadena,498.76,92.58,153195
Pasadena,209.5,46.98,153195
Pasadena,403.82,87.89,153195
Pasadena,328.1,56.02,153195
Pasadena,441.63,86.81,153195
Pasadena,220.6,59.44,153195
Pasadena,481.94,68.66,153195
Pasadena,397.1,59.4,153195
Pasadena,551.79,93.14,153195
Pasadena,291.9,53.92,153195
Pasadena,409.59,73.18,153195
Pasadena,329.7,59.28,153195
Pasadena,503.17,89.21,153195
Pasadena,226.3,36.57,153195
Pasadena,410.57,91.37,153195
Pasadena,200,31.68,153195
Pasadena,551.46,72.83,153195
Pasadena,328,37.57,153195
Pasadena,430.05,85,153195
Pasadena,247.4,59.46,153195
Pasadena,426.81,86.92,153540
Pasadena,252.5,55.06,153540
Pasadena,458.77,68.36,153540
Pasadena,243.6,61.11,153540
Pasadena,459.59,75.48,153540
Pasadena,256,37.53,153540
Pasadena,399.82,85.18,153540
Pasadena,195.6,51.62,153540
Pasadena,434.24,87.93,153540
Pasadena,315.2,38.9,153540
Pasadena,375.1,95.96,153540
Pasadena,327.7,54.73,153540
Pasadena,347.95,97.74,153540
Pasadena,178.1,49.4,153540
Pasadena,459.89,69.4,153540
Pasadena,334.3,59.76,153540
Pasadena,460.58,78.8,153540
Pasadena,230.8,48.32,153540
Pasadena,444.28,78.83,153540
Pasadena,311.1,62.49,153540
Pasadena,364.75,97.56,153540
Pasadena,283.8,60.5,153540
Pasadena,486.31,75.97,153540
Pasadena,287.6,32.71,153540
Pasadena,415.4,91.49,154986
Pasadena,308,41.62,154986
Pasadena,393.72,89.83,154986
Pasadena,211,35.59,154986
Pasadena,394.78,81.83,154986
Pasadena,225.4,40.6,154986
Pasadena,416.82,86.34,154986
Pasadena,276.7,44.24,154986
Pasadena,361.01,83.19,154986
Pasadena,166.2,34.02,154986
Pasadena,346.84,91.88,154986
Pasadena,163.2,58.39,154986
Pasadena,359.99,82.21,154986
Pasadena,209.8,35.02,154986
Pasadena,438.73,74.79,154986
Pasadena,246.3,51.74,154986
Pasadena,337.23,82.12,154986
Pasadena,224.6,36.54,154986
Pasadena,386.19,73.28,154986
Pasadena,182.1,51.9,154986
Pasadena,393.28,68.08,154986
Pasadena,163.9,39.65,154986
Pasadena,374.23,76.85,154986
Pasadena,193.2,32.27,154986
Pasadena,396.63,75.94,154648
Pasadena,273,58.43,154648
Pasadena,326.61,68.69,154648
Pasadena,159.2,47.25,154648
Pasadena,396.93,100.72,154648
Pasadena,266.4,62.56,154648
Pasadena,418.71,70.36,154648
Pasadena,158.9,66.14,154648
Pasadena,386.72,94.32,154648
Pasadena,260.6,36.64,154648
Pasadena,331.71,89.08,154648
Pasadena,190.6,36.29,154648
Pasadena,382.8,96.25,154648
Pasadena,301,48.01,154648
Pasadena,427.52,78.48,154648
Pasadena,221.4,44.43,154648
Pasadena,369.61,91.93,154648
Pasadena,247.1,57.52,154648
Pasadena,371.86,69.15,154648
Pasadena,297.9,49.18,154648
Pasadena,425.78,82.9,154648
Pasadena,198.6,58.41,154648
Pasadena,369.88,81.53,154648
Pasadena,244.9,62.4,154648
Pasadena,333.94,83.31,154000
Pasadena,210.5,50.41,154000
Pasadena,435.06,71.18,154000
Pasadena,289.4,47.22,154000
Pasadena,350.62,74.88,154000
Pasadena,181.2,57.25,154000
Pasadena,293.3,88.99,154000
Pasadena,226.1,38.78,154000
Pasadena,323.74,94.68,154000
Pasadena,160.6,62.62,154000
Pasadena,423.14,76.56,154000
Pasadena,247.8,42.69,154000
Pasadena,381.8,72.18,154000
Pasadena,185.1,43.17,154000
Pasadena,414.21,87.54,154000
Pasadena,249.5,52.62,154000
Pasadena,403.29,68.51,154000
Pasadena,195.8,49.68,154000
Pasadena,353.02,73.59,154000
Pasadena,159.6,42.02,154000
Pasadena,399.05,92.55,154000
Pasadena,179.2,52.45,154000
Pasadena,436.61,73.75,154000
Pasadena,186.1,41.39,154000
Pasadena,375.78,93.29,154000
Pasadena,219.6,46.49,154000
Pasadena,398.75,88.99,154000
Pasadena,201.3,51.78,154000
Pasadena,343.43,79.48,154000
Pasadena,186.4,50.14,154000
Pasadena,345.24,71.6,154000
Pasadena,278.5,39.9,154000
Pasadena,433.08,76.49,154000
Pasadena,254.2,34.25,154000
Pasadena,347.46,64.76,154000
Pasadena,152.3,51.5,154000
Pasadena,368.59,90.52,154000
Pasadena,244,50.72,154000
Pasadena,412.88,70.79,154000
Pasadena,258.4,58.82,154000
Pasadena,322.53,81.72,154000
Pasadena,148.2,47.65,154000
Pasadena,308.92,78.38,154000
Pasadena,155.3,39.71,154000
Pasadena,348.46,72.05,154000
Pasadena,221.6,53.62,154000
Pasadena,291.17,90.83,154000
Pasadena,198.5,57.44,154000
Sugar Land,230.05,282.6,82924
Sugar Land,152.4,123.81,82924
Sugar Land,254.04,267.7,82924
Sugar Land,104.4,179.04,82924
Sugar Land,237.2,272.41,82924
Sugar Land,146.6,190.69,82924
Sugar Land,214.71,332.66,82924
Sugar Land,137.2,153.68,82924
Sugar Land,219.22,341.18,82924
Sugar Land,149.2,188.88,82924
Sugar Land,281.42,331.6,82924
Sugar Land,114.7,210.3,82924
Sugar Land,271.4,344.02,82924
Sugar Land,103.9,129.03,82924
Sugar Land,215.43,292.24,82924
Sugar Land,139.2,196.67,82924
Sugar Land,242.08,259.69,82924
Sugar Land,169.1,186.87,82924
Sugar Land,290.65,328.99,82924
Sugar Land,171.4,173.66,82924
Sugar Land,268.46,330,82924
Sugar Land,170.2,205.54,82924
Sugar Land,271.83,256.08,82924
Sugar Land,115.7,138.54,82924
Sugar Land,289.08,410.61,83460
Sugar Land,174.8,227.21,83460
Sugar Land,241.07,308.87,83460
Sugar Land,131.5,260.63,83460
Sugar Land,237.39,381.07,83460
Sugar Land,170,244.94,83460
Sugar Land,279.99,393.64,83460
Sugar Land,125.8,265.39,83460
Sugar Land,290.48,295.91,83460
Sugar Land,117.2,247.47,83460
Sugar Land,301.63,387.24,83460
Sugar Land,197,236.25,83460
Sugar Land,238.18,353.33,83460
Sugar Land,150,233.81,83460
Sugar Land,210.6,373.79,83460
Sugar Land,147.5,226.2,83460
Sugar Land,250.79,312.69,83460
Sugar Land,192.8,147.24,83460
Sugar Land,234.52,405.51,83460
Sugar Land,109.9,285.55,83460
Sugar Land,263.85,386.1,83460
Sugar Land,157.8,237.96,83460
Sugar Land,255.54,333.18,83460
Sugar Land,108.8,283.83,83460
Sugar Land,214.8,305.84,85055
Sugar Land,146.8,267.67,85055
Sugar Land,197.3,333.95,85055
Sugar Land,169.3,173.2,85055
Sugar Land,193.81,339.19,85055
Sugar Land,121.5,222.2,85055
Sugar Land,192.79,302.33,85055
Sugar Land,172.2,138.61,85055
Sugar Land,193.09,348.85,85055
Sugar Land,125,265.39,85055
Sugar Land,244.84,346.17,85055
Sugar Land,170.9,266.45,85055
Sugar Land,249.48,345.39,85055
Sugar Land,118.7,172.41,85055
Sugar Land,224.13,279.76,85055
Sugar Land,148.6,265.03,85055
Sugar Land,185.54,332.59,85055
Sugar Land,154.7,179.76,85055
Sugar Land,208.46,323.07,85055
Sugar Land,115,216.59,85055
Sugar Land,233.79,326.58,85055
Sugar Land,118.1,149.2,85055
Sugar Land,254.49,381.6,85055
Sugar Land,160.3,240.65,85055
Sugar Land,203.65,359.99,88810
Sugar Land,155.8,127.98,88810
Sugar Land,261.18,267.58,88810
Sugar Land,102.7,168.98,88810
Sugar Land,217.46,354.06,88810
Sugar Land,147.3,222.45,88810
Sugar Land,261.71,250.92,88810
Sugar Land,165.2,189.69,88810
Sugar Land,186.6,355.15,88810
Sugar Land,156.7,185.38,88810
Sugar Land,190.21,273.28,88810
Sugar Land,170.4,233.12,88810
Sugar Land,213.08,293.63,88810
Sugar Land,149.1,139.42,88810
Sugar Land,200.9,359.78,88810
Sugar Land,136.3,181.05,88810
Sugar Land,217.34,348.61,88810
Sugar Land,99.4,224.72,88810
Sugar Land,186.59,296.56,88810
Sugar Land,98.6,166.98,88810
Sugar Land,245.27,337.76,88810
Sugar Land,143.7,123.61,88810
Sugar Land,229.9,254.33,88810
Sugar Land,156.8,154.86,88810
Sugar Land,192.85,228.57,90088
Sugar Land,143.3,140.93,90088
Sugar Land,235.88,229.42,90088
Sugar Land,111.6,133.86,90088
Sugar Land,255.86,259.68,90088
Sugar Land,155.3,153.21,90088
Sugar Land,215.11,306.48,90088
Sugar Land,115.9,153.29,90088
Sugar Land,233.91,278.19,90088
Sugar Land,166,192.84,90088
Sugar Land,197.35,225.39,90088
Sugar Land,108.2,140.06,90088
Sugar Land,177.16,275.58,90088
Sugar Land,121.3,162.76,90088
Sugar Land,231.45,232.57,90088
Sugar Land,94.1,161.65,90088
Sugar Land,177.4,289.4,90088
Sugar Land,138.6,198.81,90088
Sugar Land,181.56,272.75,90088
Sugar Land,113.2,140.1,90088
Sugar Land,222.66,264.61,90088
Sugar Land,107,168.59,90088
Sugar Land,236.33,221.79,90088
Sugar Land,106.3,217.73,90088
Sugar Land,161.39,323.78,89790
Sugar Land,109.8,151.12,89790
Sugar Land,180.95,318.65,89790
Sugar Land,84.3,159.24,89790
Sugar Land,177.27,290.66,89790
Sugar Land,101.5,136.58,89790
Sugar Land,222.86,316.36,89790
Sugar Land,149.4,219.51,89790
Sugar Land,151.69,310.02,89790
Sugar Land,119.4,146.62,89790
Sugar Land,200.27,329.43,89790
Sugar Land,115.4,212.07,89790
Sugar Land,198.42,260.42,89790
Sugar Land,149.7,125.87,89790
Sugar Land,204.56,237.54,89790
Sugar Land,79.2,174.07,89790
Sugar Land,187.59,326.57,89790
Sugar Land,120.5,181.66,89790
Sugar Land,183.08,302.94,89790
Sugar Land,138.1,192.46,89790
Sugar Land,157.53,310.87,89790
Sugar Land,114,135.15,89790
Sugar Land,209.86,307.17,89790
Sugar Land,115.8,141.2,89790
Sugar Land,203.21,283.33,89790
Sugar Land,142.4,133.21,89790
Sugar Land,200.7,321.49,89790
Sugar Land,126.8,120.45,89790
Sugar Land,175.4,277.25,89790
Sugar Land,109.3,135.33,89790
Sugar Land,175.55,250.07,89790
Sugar Land,97.7,120.51,89790
Sugar Land,153.05,233.64,89790
Sugar Land,105.4,223.56,89790
Sugar Land,167.18,293.28,89790
Sugar Land,106.6,149.16,89790
Sugar Land,219.12,245.09,89790
Sugar Land,115.6,166.39,89790
Sugar Land,181.16,305.74,89790
Sugar Land,131.1,187.25,89790
Sugar Land,205.74,275.88,89790
Sugar Land,94.6,193.22,89790
Sugar Land,163.51,325.54,89790
Sugar Land,118.5,146.94,89790
Sugar Land,165.76,276.85,89790
Sugar Land,131.9,118.88,89790
Sugar Land,167.25,338.2,89790
Sugar Land,145.4,192.81,89790
Texas City,547.03,82.12,46448
Texas City,282.4,73.01,46448
Texas City,513.66,92.4,46448
Texas City,366.8,47.04,46448
Texas City,546.74,99.11,46448
Texas City,299,61.97,46448
Texas City,439.09,101.21,46448
Texas City,277.7,50.68,46448
Texas City,462.73,87.28,46448
Texas City,257.2,59.37,46448
Texas City,582.74,108.49,46448
Texas City,265.9,72.29,46448
Texas City,581.21,105.71,46448
Texas City,305.4,65.23,46448
Texas City,467.35,86.81,46448
Texas City,206.5,56.76,46448
Texas City,519.33,95.15,46448
Texas City,327.9,52.98,46448
Texas City,514.19,74.75,46448
Texas City,279.3,65.71,46448
Texas City,595.46,103.63,46448
Texas City,268.8,64.43,46448
Texas City,510.28,91.19,46448
Texas City,387.2,60.56,46448
Texas City,538.95,119.55,45793
Texas City,247.1,48.95,45793
Texas City,573.77,116.64,45793
Texas City,259.8,55.94,45793
Texas City,514.99,91.56,45793
Texas City,265.7,45.32,45793
Texas City,564.7,92.01,45793
Texas City,372.2,51.4,45793
Texas City,489.68,120.57,45793
Texas City,357.8,81.61,45793
Texas City,600.12,108.55,45793
Texas City,292.2,62.88,45793
Texas City,588.38,113.3,45793
Texas City,248.8,51.63,45793
Texas City,444.74,86.53,45793
Texas City,369,60.16,45793
Texas City,434.05,83.5,45793
Texas City,257.7,48.8,45793
Texas City,599.88,98.41,45793
Texas City,348.9,45.43,45793
Texas City,411.11,120.97,45793
Texas City,265.2,81.56,45793
Texas City,435.68,97.56,45793
Texas City,364.6,47.79,45793
Texas City,442.92,130.38,46273
Texas City,281.8,94.55,46273
Texas City,471.68,144.31,46273
Texas City,224.5,56.01,46273
Texas City,439.91,135.37,46273
Texas City,350.6,99.49,46273
Texas City,435.97,143.37,46273
Texas City,289.8,93.1,46273
Texas City,555.8,149.32,46273
Texas City,339.6,92.97,46273
Texas City,568.03,139.77,46273
Texas City,337,53.98,46273
Texas City,576.54,132.38,46273
Texas City,221,70.64,46273
Texas City,555.44,151.48,46273
Texas City,288.2,59.55,46273
Texas City,458.37,142.5,46273
Texas City,284.5,80.59,46273
Texas City,441.35,139.74,46273
Texas City,370.1,70.86,46273
Texas City,571.86,124.31,46273
Texas City,263.9,92.35,46273
Texas City,460.46,138.26,46273
Texas City,278.2,69.09,46273
Texas City,374.96,125.4,46976
Texas City,236.7,75.36,46976
Texas City,465.85,155.53,46976
Texas City,195.4,101.96,46976
Texas City,373.43,146.25,46976
Texas City,279,76.89,46976
Texas City,518.26,120.96,46976
Texas City,194.3,103.33,46976
Texas City,497.55,142.14,46976
Texas City,228.9,65.8,46976
Texas City,469.15,118.72,46976
Texas City,296.5,59.7,46976
Texas City,401.35,126.83,46976
Texas City,268,77.5,46976
Texas City,381.58,119.81,46976
Texas City,279.6,71.32,46976
Texas City,481.59,115.05,46976
Texas City,289.6,83.24,46976
Texas City,516.79,108.72,46976
Texas City,231.6,92.43,46976
Texas City,402.73,129.17,46976
Texas City,265.1,93.23,46976
Texas City,503.69,123.99,46976
Texas City,340.2,96.27,46976
Texas City,615.2,123.72,48095
Texas City,369.6,101.52,48095
Texas City,512.92,173.72,48095
Texas City,379.6,96.15,48095
Texas City,488.35,165.65,48095
Texas City,302.3,85.82,48095
Texas City,589.96,172.12,48095
Texas City,379.7,89.94,48095
Texas City,506.54,168.82,48095
Texas City,234.9,69.39,48095
Texas City,444.77,172.04,48095
Texas City,264.6,84.16,48095
Texas City,450.63,181.19,48095
Texas City,340.1,70.06,48095
Texas City,504.6,139.28,48095
Texas City,390.2,113.21,48095
Texas City,433.46,156.29,48095
Texas City,406.6,96.69,48095
Texas City,447.44,132.42,48095
Texas City,248.7,70.75,48095
Texas City,539.26,171.34,48095
Texas City,289.3,78.65,48095
Texas City,543.59,127.61,48095
Texas City,251.4,96.52,48095
Texas City,513.57,141.87,48774
Texas City,204.4,100.41,48774
Texas City,506.57,120.64,48774
Texas City,347.9,82.87,48774
Texas City,589.07,132.48,48774
Texas City,378.9,94.16,48774
Texas City,548.64,172.89,48774
Texas City,317,76.8,48774
Texas City,528.98,171.23,48774
Texas City,350.9,72.9,48774
Texas City,479.11,166.46,48774
Texas City,386.8,92.87,48774
Texas City,473.69,132.99,48774
Texas City,217.6,63.57,48774
Texas City,440.78,128.2,48774
Texas City,379.4,116.41,48774
Texas City,429.36,144.81,48774
Texas City,202.8,99.16,48774
Texas City,544.88,167.49,48774
Texas City,345.9,83.52,48774
Texas City,510.31,162.46,48774
Texas City,257,82.81,48774
Texas City,546.05,135.49,48774
Texas City,201.9,84.85,48774
Texas City,571.53,167.59,48774
Texas City,203,144.1,48774
Texas City,495.24,213.2,48774
Texas City,270.2,143.19,48774
Texas City,411.58,180.75,48774
Texas City,264,130.39,48774
Texas City,573.73,200.15,48774
Texas City,218,101.26,48774
Texas City,501.71,205.99,48774
Texas City,326.4,84.11,48774
Texas City,490.3,227.99,48774
Texas City,329.9,102.59,48774
Texas City,515.01,188.23,48774
Texas City,313.9,112.9,48774
Texas City,494.92,181.63,48774
Texas City,200.1,81.02,48774
Texas City,403.06,206.07,48774
Texas City,337.1,134.2,48774
Texas City,527.06,163.54,48774
Texas City,341.2,88.84,48774
Texas City,593.02,224.18,48774
Texas City,281.2,82.66,48774
Texas City,548.3,206.66,48774
Texas City,312,150.92,48774
